,E0,Ep,dL,phi,th_LRL
23,0.,7.2,-1.,23.,0.
27,0.,7.2,-1.,27.,0.
28,0.,7.2,-1.,28.,0.
41,0.,7.2,-1.,41.,0.
48,0.,7.2,-1.,48.,0.
49,0.,7.2,-1.,49.,0.
68,0.,7.2,-1.,68.,0.
170,0.,7.2,-1.,170.,0.
171,0.,7.2,-1.,171.,0.
177,0.,7.2,-1.,177.,0.
179,0.,7.2,-1.,179.,0.
188,0.,7.2,-1.,188.,0.
195,0.,7.2,-1.,195.,0.
297,0.,7.2,-1.,97.,1.
314,0.,7.2,-1.,114.,1.
321,0.,7.2,-1.,121.,1.
323,0.,7.2,-1.,123.,1.
343,0.,7.2,-1.,143.,1.
423,0.,7.2,1.,23.,0.
427,0.,7.2,1.,27.,0.
428,0.,7.2,1.,28.,0.
441,0.,7.2,1.,41.,0.
448,0.,7.2,1.,48.,0.
449,0.,7.2,1.,49.,0.
468,0.,7.2,1.,68.,0.
570,0.,7.2,1.,170.,0.
571,0.,7.2,1.,171.,0.
577,0.,7.2,1.,177.,0.
579,0.,7.2,1.,179.,0.
588,0.,7.2,1.,188.,0.
595,0.,7.2,1.,195.,0.
697,0.,7.2,1.,97.,1.
714,0.,7.2,1.,114.,1.
721,0.,7.2,1.,121.,1.
723,0.,7.2,1.,123.,1.
743,0.,7.2,1.,143.,1.
842,0.,0.,-1.,42.,0.
850,0.,0.,-1.,50.,0.
980,0.,0.,-1.,180.,0.
995,0.,0.,-1.,195.,0.
1080,0.,0.,-1.,80.,1.
1095,0.,0.,-1.,95.,1.
1142,0.,0.,-1.,142.,1.
1150,0.,0.,-1.,150.,1.
1242,0.,0.,1.,42.,0.
1250,0.,0.,1.,50.,0.
1380,0.,0.,1.,180.,0.
1395,0.,0.,1.,195.,0.
1480,0.,0.,1.,80.,1.
1495,0.,0.,1.,95.,1.
1542,0.,0.,1.,142.,1.
1550,0.,0.,1.,150.,1.
1604,0.,14.4,-1.,4.,0.
1616,0.,14.4,-1.,16.,0.
1617,0.,14.4,-1.,17.,0.
1618,0.,14.4,-1.,18.,0.
1620,0.,14.4,-1.,20.,0.
1636,0.,14.4,-1.,36.,0.
1656,0.,14.4,-1.,56.,0.
1660,0.,14.4,-1.,60.,0.
1665,0.,14.4,-1.,65.,0.
1666,0.,14.4,-1.,66.,0.
1765,0.,14.4,-1.,165.,0.
1772,0.,14.4,-1.,172.,0.
1781,0.,14.4,-1.,181.,0.
1891,0.,14.4,-1.,91.,1.
1949,0.,14.4,-1.,149.,1.
2004,0.,14.4,1.,4.,0.
2016,0.,14.4,1.,16.,0.
2017,0.,14.4,1.,17.,0.
2018,0.,14.4,1.,18.,0.
2020,0.,14.4,1.,20.,0.
2036,0.,14.4,1.,36.,0.
2056,0.,14.4,1.,56.,0.
2060,0.,14.4,1.,60.,0.
2065,0.,14.4,1.,65.,0.
2066,0.,14.4,1.,66.,0.
2165,0.,14.4,1.,165.,0.
2172,0.,14.4,1.,172.,0.
2181,0.,14.4,1.,181.,0.
2291,0.,14.4,1.,91.,1.
2349,0.,14.4,1.,149.,1.
2402,0.,21.6,-1.,2.,0.
2404,0.,21.6,-1.,4.,0.
2412,0.,21.6,-1.,12.,0.
2414,0.,21.6,-1.,14.,0.
2420,0.,21.6,-1.,20.,0.
2440,0.,21.6,-1.,40.,0.
2464,0.,21.6,-1.,64.,0.
2465,0.,21.6,-1.,65.,0.
2568,0.,21.6,-1.,168.,0.
2573,0.,21.6,-1.,173.,0.
2575,0.,21.6,-1.,175.,0.
2691,0.,21.6,-1.,91.,1.
2704,0.,21.6,-1.,104.,1.
2707,0.,21.6,-1.,107.,1.
2741,0.,21.6,-1.,141.,1.
2743,0.,21.6,-1.,143.,1.
2744,0.,21.6,-1.,144.,1.
2802,0.,21.6,1.,2.,0.
2804,0.,21.6,1.,4.,0.
2812,0.,21.6,1.,12.,0.
2814,0.,21.6,1.,14.,0.
2820,0.,21.6,1.,20.,0.
2840,0.,21.6,1.,40.,0.
2864,0.,21.6,1.,64.,0.
2865,0.,21.6,1.,65.,0.
2968,0.,21.6,1.,168.,0.
2973,0.,21.6,1.,173.,0.
2975,0.,21.6,1.,175.,0.
3091,0.,21.6,1.,91.,1.
3104,0.,21.6,1.,104.,1.
3107,0.,21.6,1.,107.,1.
3141,0.,21.6,1.,141.,1.
3143,0.,21.6,1.,143.,1.
3144,0.,21.6,1.,144.,1.
3201,0.,28.8,-1.,1.,0.
3204,0.,28.8,-1.,4.,0.
3213,0.,28.8,-1.,13.,0.
3218,0.,28.8,-1.,18.,0.
3228,0.,28.8,-1.,28.,0.
3250,0.,28.8,-1.,50.,0.
3253,0.,28.8,-1.,53.,0.
3254,0.,28.8,-1.,54.,0.
3257,0.,28.8,-1.,57.,0.
3259,0.,28.8,-1.,59.,0.
3261,0.,28.8,-1.,61.,0.
3264,0.,28.8,-1.,64.,0.
3265,0.,28.8,-1.,65.,0.
3282,0.,28.8,-1.,82.,0.
3373,0.,28.8,-1.,173.,0.
3374,0.,28.8,-1.,174.,0.
3380,0.,28.8,-1.,180.,0.
3495,0.,28.8,-1.,95.,1.
3503,0.,28.8,-1.,103.,1.
3506,0.,28.8,-1.,106.,1.
3523,0.,28.8,-1.,123.,1.
3536,0.,28.8,-1.,136.,1.
3537,0.,28.8,-1.,137.,1.
3539,0.,28.8,-1.,139.,1.
3601,0.,28.8,1.,1.,0.
3604,0.,28.8,1.,4.,0.
3613,0.,28.8,1.,13.,0.
3618,0.,28.8,1.,18.,0.
3628,0.,28.8,1.,28.,0.
3650,0.,28.8,1.,50.,0.
3653,0.,28.8,1.,53.,0.
3654,0.,28.8,1.,54.,0.
3657,0.,28.8,1.,57.,0.
3659,0.,28.8,1.,59.,0.
3661,0.,28.8,1.,61.,0.
3664,0.,28.8,1.,64.,0.
3665,0.,28.8,1.,65.,0.
3682,0.,28.8,1.,82.,0.
3773,0.,28.8,1.,173.,0.
3774,0.,28.8,1.,174.,0.
3780,0.,28.8,1.,180.,0.
3895,0.,28.8,1.,95.,1.
3903,0.,28.8,1.,103.,1.
3906,0.,28.8,1.,106.,1.
3923,0.,28.8,1.,123.,1.
3936,0.,28.8,1.,136.,1.
3937,0.,28.8,1.,137.,1.
3939,0.,28.8,1.,139.,1.
4002,0.,36.,-1.,2.,0.
4013,0.,36.,-1.,13.,0.
4014,0.,36.,-1.,14.,0.
4019,0.,36.,-1.,19.,0.
4021,0.,36.,-1.,21.,0.
4030,0.,36.,-1.,30.,0.
4032,0.,36.,-1.,32.,0.
4034,0.,36.,-1.,34.,0.
4035,0.,36.,-1.,35.,0.
4036,0.,36.,-1.,36.,0.
4040,0.,36.,-1.,40.,0.
4054,0.,36.,-1.,54.,0.
4064,0.,36.,-1.,64.,0.
4081,0.,36.,-1.,81.,0.
4083,0.,36.,-1.,83.,0.
4161,0.,36.,-1.,161.,0.
4175,0.,36.,-1.,175.,0.
4176,0.,36.,-1.,176.,0.
4177,0.,36.,-1.,177.,0.
4185,0.,36.,-1.,185.,0.
4194,0.,36.,-1.,194.,0.
4309,0.,36.,-1.,109.,1.
4316,0.,36.,-1.,116.,1.
4318,0.,36.,-1.,118.,1.
4319,0.,36.,-1.,119.,1.
4321,0.,36.,-1.,121.,1.
4327,0.,36.,-1.,127.,1.
4328,0.,36.,-1.,128.,1.
4334,0.,36.,-1.,134.,1.
4402,0.,36.,1.,2.,0.
4413,0.,36.,1.,13.,0.
4414,0.,36.,1.,14.,0.
4419,0.,36.,1.,19.,0.
4421,0.,36.,1.,21.,0.
4430,0.,36.,1.,30.,0.
4432,0.,36.,1.,32.,0.
4434,0.,36.,1.,34.,0.
4435,0.,36.,1.,35.,0.
4436,0.,36.,1.,36.,0.
4440,0.,36.,1.,40.,0.
4454,0.,36.,1.,54.,0.
4464,0.,36.,1.,64.,0.
4481,0.,36.,1.,81.,0.
4483,0.,36.,1.,83.,0.
4561,0.,36.,1.,161.,0.
4575,0.,36.,1.,175.,0.
4576,0.,36.,1.,176.,0.
4577,0.,36.,1.,177.,0.
4585,0.,36.,1.,185.,0.
4594,0.,36.,1.,194.,0.
4709,0.,36.,1.,109.,1.
4716,0.,36.,1.,116.,1.
4718,0.,36.,1.,118.,1.
4719,0.,36.,1.,119.,1.
4721,0.,36.,1.,121.,1.
4727,0.,36.,1.,127.,1.
4728,0.,36.,1.,128.,1.
4734,0.,36.,1.,134.,1.
4804,0.,43.2,-1.,4.,0.
4807,0.,43.2,-1.,7.,0.
4808,0.,43.2,-1.,8.,0.
4811,0.,43.2,-1.,11.,0.
4816,0.,43.2,-1.,16.,0.
4818,0.,43.2,-1.,18.,0.
4823,0.,43.2,-1.,23.,0.
4826,0.,43.2,-1.,26.,0.
4848,0.,43.2,-1.,48.,0.
4862,0.,43.2,-1.,62.,0.
4863,0.,43.2,-1.,63.,0.
4864,0.,43.2,-1.,64.,0.
4876,0.,43.2,-1.,76.,0.
4885,0.,43.2,-1.,85.,0.
4957,0.,43.2,-1.,157.,0.
4961,0.,43.2,-1.,161.,0.
4976,0.,43.2,-1.,176.,0.
4977,0.,43.2,-1.,177.,0.
4981,0.,43.2,-1.,181.,0.
4982,0.,43.2,-1.,182.,0.
4988,0.,43.2,-1.,188.,0.
4992,0.,43.2,-1.,192.,0.
4996,0.,43.2,-1.,196.,0.
4997,0.,43.2,-1.,197.,0.
4998,0.,43.2,-1.,198.,0.
5105,0.,43.2,-1.,105.,1.
5120,0.,43.2,-1.,120.,1.
5125,0.,43.2,-1.,125.,1.
5204,0.,43.2,1.,4.,0.
5207,0.,43.2,1.,7.,0.
5208,0.,43.2,1.,8.,0.
5211,0.,43.2,1.,11.,0.
5216,0.,43.2,1.,16.,0.
5218,0.,43.2,1.,18.,0.
5223,0.,43.2,1.,23.,0.
5226,0.,43.2,1.,26.,0.
5248,0.,43.2,1.,48.,0.
5262,0.,43.2,1.,62.,0.
5263,0.,43.2,1.,63.,0.
5264,0.,43.2,1.,64.,0.
5276,0.,43.2,1.,76.,0.
5285,0.,43.2,1.,85.,0.
5357,0.,43.2,1.,157.,0.
5361,0.,43.2,1.,161.,0.
5376,0.,43.2,1.,176.,0.
5377,0.,43.2,1.,177.,0.
5381,0.,43.2,1.,181.,0.
5382,0.,43.2,1.,182.,0.
5388,0.,43.2,1.,188.,0.
5392,0.,43.2,1.,192.,0.
5396,0.,43.2,1.,196.,0.
5397,0.,43.2,1.,197.,0.
5398,0.,43.2,1.,198.,0.
5505,0.,43.2,1.,105.,1.
5520,0.,43.2,1.,120.,1.
5525,0.,43.2,1.,125.,1.
5600,0.,57.6,-1.,0.,0.
5601,0.,57.6,-1.,1.,0.
5605,0.,57.6,-1.,5.,0.
5612,0.,57.6,-1.,12.,0.
5614,0.,57.6,-1.,14.,0.
5621,0.,57.6,-1.,21.,0.
5622,0.,57.6,-1.,22.,0.
5623,0.,57.6,-1.,23.,0.
5626,0.,57.6,-1.,26.,0.
5635,0.,57.6,-1.,35.,0.
5638,0.,57.6,-1.,38.,0.
5639,0.,57.6,-1.,39.,0.
5640,0.,57.6,-1.,40.,0.
5645,0.,57.6,-1.,45.,0.
5658,0.,57.6,-1.,58.,0.
5660,0.,57.6,-1.,60.,0.
5662,0.,57.6,-1.,62.,0.
5664,0.,57.6,-1.,64.,0.
5665,0.,57.6,-1.,65.,0.
5666,0.,57.6,-1.,66.,0.
5669,0.,57.6,-1.,69.,0.
5674,0.,57.6,-1.,74.,0.
5675,0.,57.6,-1.,75.,0.
5676,0.,57.6,-1.,76.,0.
5683,0.,57.6,-1.,83.,0.
5760,0.,57.6,-1.,160.,0.
5763,0.,57.6,-1.,163.,0.
5777,0.,57.6,-1.,177.,0.
5778,0.,57.6,-1.,178.,0.
5779,0.,57.6,-1.,179.,0.
5781,0.,57.6,-1.,181.,0.
5783,0.,57.6,-1.,183.,0.
5788,0.,57.6,-1.,188.,0.
5796,0.,57.6,-1.,196.,0.
6000,0.,57.6,1.,0.,0.
6001,0.,57.6,1.,1.,0.
6005,0.,57.6,1.,5.,0.
6012,0.,57.6,1.,12.,0.
6014,0.,57.6,1.,14.,0.
6021,0.,57.6,1.,21.,0.
6022,0.,57.6,1.,22.,0.
6023,0.,57.6,1.,23.,0.
6026,0.,57.6,1.,26.,0.
6035,0.,57.6,1.,35.,0.
6038,0.,57.6,1.,38.,0.
6039,0.,57.6,1.,39.,0.
6040,0.,57.6,1.,40.,0.
6045,0.,57.6,1.,45.,0.
6058,0.,57.6,1.,58.,0.
6060,0.,57.6,1.,60.,0.
6062,0.,57.6,1.,62.,0.
6064,0.,57.6,1.,64.,0.
6065,0.,57.6,1.,65.,0.
6066,0.,57.6,1.,66.,0.
6069,0.,57.6,1.,69.,0.
6074,0.,57.6,1.,74.,0.
6075,0.,57.6,1.,75.,0.
6076,0.,57.6,1.,76.,0.
6083,0.,57.6,1.,83.,0.
6160,0.,57.6,1.,160.,0.
6163,0.,57.6,1.,163.,0.
6177,0.,57.6,1.,177.,0.
6178,0.,57.6,1.,178.,0.
6179,0.,57.6,1.,179.,0.
6181,0.,57.6,1.,181.,0.
6183,0.,57.6,1.,183.,0.
6188,0.,57.6,1.,188.,0.
6196,0.,57.6,1.,196.,0.
6401,0.,72.,-1.,1.,0.
6403,0.,72.,-1.,3.,0.
6407,0.,72.,-1.,7.,0.
6412,0.,72.,-1.,12.,0.
6416,0.,72.,-1.,16.,0.
6427,0.,72.,-1.,27.,0.
6428,0.,72.,-1.,28.,0.
6434,0.,72.,-1.,34.,0.
6441,0.,72.,-1.,41.,0.
6447,0.,72.,-1.,47.,0.
6456,0.,72.,-1.,56.,0.
6457,0.,72.,-1.,57.,0.
6463,0.,72.,-1.,63.,0.
6464,0.,72.,-1.,64.,0.
6468,0.,72.,-1.,68.,0.
6561,0.,72.,-1.,161.,0.
6568,0.,72.,-1.,168.,0.
6570,0.,72.,-1.,170.,0.
6574,0.,72.,-1.,174.,0.
6577,0.,72.,-1.,177.,0.
6579,0.,72.,-1.,179.,0.
6584,0.,72.,-1.,184.,0.
6589,0.,72.,-1.,189.,0.
6593,0.,72.,-1.,193.,0.
6594,0.,72.,-1.,194.,0.
6596,0.,72.,-1.,196.,0.
6599,0.,72.,-1.,199.,0.
6801,0.,72.,1.,1.,0.
6803,0.,72.,1.,3.,0.
6807,0.,72.,1.,7.,0.
6812,0.,72.,1.,12.,0.
6816,0.,72.,1.,16.,0.
6827,0.,72.,1.,27.,0.
6828,0.,72.,1.,28.,0.
6834,0.,72.,1.,34.,0.
6841,0.,72.,1.,41.,0.
6847,0.,72.,1.,47.,0.
6856,0.,72.,1.,56.,0.
6857,0.,72.,1.,57.,0.
6863,0.,72.,1.,63.,0.
6864,0.,72.,1.,64.,0.
6868,0.,72.,1.,68.,0.
6961,0.,72.,1.,161.,0.
6968,0.,72.,1.,168.,0.
6970,0.,72.,1.,170.,0.
6974,0.,72.,1.,174.,0.
6977,0.,72.,1.,177.,0.
6979,0.,72.,1.,179.,0.
6984,0.,72.,1.,184.,0.
6989,0.,72.,1.,189.,0.
6993,0.,72.,1.,193.,0.
6994,0.,72.,1.,194.,0.
6996,0.,72.,1.,196.,0.
6999,0.,72.,1.,199.,0.
7200,0.,86.4,-1.,0.,0.
7203,0.,86.4,-1.,3.,0.
7206,0.,86.4,-1.,6.,0.
7210,0.,86.4,-1.,10.,0.
7222,0.,86.4,-1.,22.,0.
7224,0.,86.4,-1.,24.,0.
7228,0.,86.4,-1.,28.,0.
7230,0.,86.4,-1.,30.,0.
7231,0.,86.4,-1.,31.,0.
7235,0.,86.4,-1.,35.,0.
7242,0.,86.4,-1.,42.,0.
7255,0.,86.4,-1.,55.,0.
7258,0.,86.4,-1.,58.,0.
7259,0.,86.4,-1.,59.,0.
7260,0.,86.4,-1.,60.,0.
7261,0.,86.4,-1.,61.,0.
7263,0.,86.4,-1.,63.,0.
7265,0.,86.4,-1.,65.,0.
7277,0.,86.4,-1.,77.,0.
7332,0.,86.4,-1.,132.,0.
7359,0.,86.4,-1.,159.,0.
7363,0.,86.4,-1.,163.,0.
7378,0.,86.4,-1.,178.,0.
7379,0.,86.4,-1.,179.,0.
7380,0.,86.4,-1.,180.,0.
7381,0.,86.4,-1.,181.,0.
7382,0.,86.4,-1.,182.,0.
7384,0.,86.4,-1.,184.,0.
7386,0.,86.4,-1.,186.,0.
7388,0.,86.4,-1.,188.,0.
7390,0.,86.4,-1.,190.,0.
7391,0.,86.4,-1.,191.,0.
7600,0.,86.4,1.,0.,0.
7603,0.,86.4,1.,3.,0.
7606,0.,86.4,1.,6.,0.
7610,0.,86.4,1.,10.,0.
7622,0.,86.4,1.,22.,0.
7624,0.,86.4,1.,24.,0.
7628,0.,86.4,1.,28.,0.
7630,0.,86.4,1.,30.,0.
7631,0.,86.4,1.,31.,0.
7635,0.,86.4,1.,35.,0.
7642,0.,86.4,1.,42.,0.
7655,0.,86.4,1.,55.,0.
7658,0.,86.4,1.,58.,0.
7659,0.,86.4,1.,59.,0.
7660,0.,86.4,1.,60.,0.
7661,0.,86.4,1.,61.,0.
7663,0.,86.4,1.,63.,0.
7665,0.,86.4,1.,65.,0.
7677,0.,86.4,1.,77.,0.
7732,0.,86.4,1.,132.,0.
7759,0.,86.4,1.,159.,0.
7763,0.,86.4,1.,163.,0.
7778,0.,86.4,1.,178.,0.
7779,0.,86.4,1.,179.,0.
7780,0.,86.4,1.,180.,0.
7781,0.,86.4,1.,181.,0.
7782,0.,86.4,1.,182.,0.
7784,0.,86.4,1.,184.,0.
7786,0.,86.4,1.,186.,0.
7788,0.,86.4,1.,188.,0.
7790,0.,86.4,1.,190.,0.
7791,0.,86.4,1.,191.,0.
8000,0.,100.8,-1.,0.,0.
8001,0.,100.8,-1.,1.,0.
8006,0.,100.8,-1.,6.,0.
8011,0.,100.8,-1.,11.,0.
8018,0.,100.8,-1.,18.,0.
8022,0.,100.8,-1.,22.,0.
8026,0.,100.8,-1.,26.,0.
8027,0.,100.8,-1.,27.,0.
8037,0.,100.8,-1.,37.,0.
8039,0.,100.8,-1.,39.,0.
8048,0.,100.8,-1.,48.,0.
8049,0.,100.8,-1.,49.,0.
8050,0.,100.8,-1.,50.,0.
8054,0.,100.8,-1.,54.,0.
8058,0.,100.8,-1.,58.,0.
8060,0.,100.8,-1.,60.,0.
8065,0.,100.8,-1.,65.,0.
8067,0.,100.8,-1.,67.,0.
8085,0.,100.8,-1.,85.,0.
8095,0.,100.8,-1.,95.,0.
8141,0.,100.8,-1.,141.,0.
8157,0.,100.8,-1.,157.,0.
8162,0.,100.8,-1.,162.,0.
8179,0.,100.8,-1.,179.,0.
8181,0.,100.8,-1.,181.,0.
8188,0.,100.8,-1.,188.,0.
8189,0.,100.8,-1.,189.,0.
8190,0.,100.8,-1.,190.,0.
8193,0.,100.8,-1.,193.,0.
8194,0.,100.8,-1.,194.,0.
8196,0.,100.8,-1.,196.,0.
8400,0.,100.8,1.,0.,0.
8401,0.,100.8,1.,1.,0.
8406,0.,100.8,1.,6.,0.
8411,0.,100.8,1.,11.,0.
8418,0.,100.8,1.,18.,0.
8422,0.,100.8,1.,22.,0.
8426,0.,100.8,1.,26.,0.
8427,0.,100.8,1.,27.,0.
8437,0.,100.8,1.,37.,0.
8439,0.,100.8,1.,39.,0.
8448,0.,100.8,1.,48.,0.
8449,0.,100.8,1.,49.,0.
8450,0.,100.8,1.,50.,0.
8454,0.,100.8,1.,54.,0.
8458,0.,100.8,1.,58.,0.
8460,0.,100.8,1.,60.,0.
8465,0.,100.8,1.,65.,0.
8467,0.,100.8,1.,67.,0.
8485,0.,100.8,1.,85.,0.
8495,0.,100.8,1.,95.,0.
8541,0.,100.8,1.,141.,0.
8557,0.,100.8,1.,157.,0.
8562,0.,100.8,1.,162.,0.
8579,0.,100.8,1.,179.,0.
8581,0.,100.8,1.,181.,0.
8588,0.,100.8,1.,188.,0.
8589,0.,100.8,1.,189.,0.
8590,0.,100.8,1.,190.,0.
8593,0.,100.8,1.,193.,0.
8594,0.,100.8,1.,194.,0.
8596,0.,100.8,1.,196.,0.
8804,0.,115.2,-1.,4.,0.
8807,0.,115.2,-1.,7.,0.
8808,0.,115.2,-1.,8.,0.
8809,0.,115.2,-1.,9.,0.
8816,0.,115.2,-1.,16.,0.
8817,0.,115.2,-1.,17.,0.
8824,0.,115.2,-1.,24.,0.
8829,0.,115.2,-1.,29.,0.
8837,0.,115.2,-1.,37.,0.
8845,0.,115.2,-1.,45.,0.
8848,0.,115.2,-1.,48.,0.
8849,0.,115.2,-1.,49.,0.
8850,0.,115.2,-1.,50.,0.
8851,0.,115.2,-1.,51.,0.
8852,0.,115.2,-1.,52.,0.
8853,0.,115.2,-1.,53.,0.
8855,0.,115.2,-1.,55.,0.
8859,0.,115.2,-1.,59.,0.
8862,0.,115.2,-1.,62.,0.
8865,0.,115.2,-1.,65.,0.
8867,0.,115.2,-1.,67.,0.
8874,0.,115.2,-1.,74.,0.
8883,0.,115.2,-1.,83.,0.
8955,0.,115.2,-1.,155.,0.
8962,0.,115.2,-1.,162.,0.
8964,0.,115.2,-1.,164.,0.
8966,0.,115.2,-1.,166.,0.
8970,0.,115.2,-1.,170.,0.
8971,0.,115.2,-1.,171.,0.
8973,0.,115.2,-1.,173.,0.
8978,0.,115.2,-1.,178.,0.
8979,0.,115.2,-1.,179.,0.
8980,0.,115.2,-1.,180.,0.
8982,0.,115.2,-1.,182.,0.
8988,0.,115.2,-1.,188.,0.
8991,0.,115.2,-1.,191.,0.
8994,0.,115.2,-1.,194.,0.
8996,0.,115.2,-1.,196.,0.
9204,0.,115.2,1.,4.,0.
9207,0.,115.2,1.,7.,0.
9208,0.,115.2,1.,8.,0.
9209,0.,115.2,1.,9.,0.
9216,0.,115.2,1.,16.,0.
9217,0.,115.2,1.,17.,0.
9224,0.,115.2,1.,24.,0.
9229,0.,115.2,1.,29.,0.
9237,0.,115.2,1.,37.,0.
9245,0.,115.2,1.,45.,0.
9248,0.,115.2,1.,48.,0.
9249,0.,115.2,1.,49.,0.
9250,0.,115.2,1.,50.,0.
9251,0.,115.2,1.,51.,0.
9252,0.,115.2,1.,52.,0.
9253,0.,115.2,1.,53.,0.
9255,0.,115.2,1.,55.,0.
9259,0.,115.2,1.,59.,0.
9262,0.,115.2,1.,62.,0.
9265,0.,115.2,1.,65.,0.
9267,0.,115.2,1.,67.,0.
9274,0.,115.2,1.,74.,0.
9283,0.,115.2,1.,83.,0.
9355,0.,115.2,1.,155.,0.
9362,0.,115.2,1.,162.,0.
9364,0.,115.2,1.,164.,0.
9366,0.,115.2,1.,166.,0.
9370,0.,115.2,1.,170.,0.
9371,0.,115.2,1.,171.,0.
9373,0.,115.2,1.,173.,0.
9378,0.,115.2,1.,178.,0.
9379,0.,115.2,1.,179.,0.
9380,0.,115.2,1.,180.,0.
9382,0.,115.2,1.,182.,0.
9388,0.,115.2,1.,188.,0.
9391,0.,115.2,1.,191.,0.
9394,0.,115.2,1.,194.,0.
9396,0.,115.2,1.,196.,0.
9600,0.,144.,-1.,0.,0.
9601,0.,144.,-1.,1.,0.
9604,0.,144.,-1.,4.,0.
9605,0.,144.,-1.,5.,0.
9611,0.,144.,-1.,11.,0.
9612,0.,144.,-1.,12.,0.
9613,0.,144.,-1.,13.,0.
9614,0.,144.,-1.,14.,0.
9615,0.,144.,-1.,15.,0.
9618,0.,144.,-1.,18.,0.
9619,0.,144.,-1.,19.,0.
9620,0.,144.,-1.,20.,0.
9623,0.,144.,-1.,23.,0.
9625,0.,144.,-1.,25.,0.
9628,0.,144.,-1.,28.,0.
9632,0.,144.,-1.,32.,0.
9633,0.,144.,-1.,33.,0.
9635,0.,144.,-1.,35.,0.
9642,0.,144.,-1.,42.,0.
9644,0.,144.,-1.,44.,0.
9650,0.,144.,-1.,50.,0.
9654,0.,144.,-1.,54.,0.
9655,0.,144.,-1.,55.,0.
9656,0.,144.,-1.,56.,0.
9658,0.,144.,-1.,58.,0.
9666,0.,144.,-1.,66.,0.
9671,0.,144.,-1.,71.,0.
9672,0.,144.,-1.,72.,0.
9673,0.,144.,-1.,73.,0.
9678,0.,144.,-1.,78.,0.
9683,0.,144.,-1.,83.,0.
9684,0.,144.,-1.,84.,0.
9724,0.,144.,-1.,124.,0.
9760,0.,144.,-1.,160.,0.
9765,0.,144.,-1.,165.,0.
9766,0.,144.,-1.,166.,0.
9767,0.,144.,-1.,167.,0.
9768,0.,144.,-1.,168.,0.
9777,0.,144.,-1.,177.,0.
9781,0.,144.,-1.,181.,0.
9783,0.,144.,-1.,183.,0.
9784,0.,144.,-1.,184.,0.
9786,0.,144.,-1.,186.,0.
9791,0.,144.,-1.,191.,0.
9795,0.,144.,-1.,195.,0.
9798,0.,144.,-1.,198.,0.
10000,0.,144.,1.,0.,0.
10001,0.,144.,1.,1.,0.
10004,0.,144.,1.,4.,0.
10005,0.,144.,1.,5.,0.
10011,0.,144.,1.,11.,0.
10012,0.,144.,1.,12.,0.
10013,0.,144.,1.,13.,0.
10014,0.,144.,1.,14.,0.
10015,0.,144.,1.,15.,0.
10018,0.,144.,1.,18.,0.
10019,0.,144.,1.,19.,0.
10020,0.,144.,1.,20.,0.
10023,0.,144.,1.,23.,0.
10025,0.,144.,1.,25.,0.
10028,0.,144.,1.,28.,0.
10032,0.,144.,1.,32.,0.
10033,0.,144.,1.,33.,0.
10035,0.,144.,1.,35.,0.
10042,0.,144.,1.,42.,0.
10044,0.,144.,1.,44.,0.
10050,0.,144.,1.,50.,0.
10054,0.,144.,1.,54.,0.
10055,0.,144.,1.,55.,0.
10056,0.,144.,1.,56.,0.
10058,0.,144.,1.,58.,0.
10066,0.,144.,1.,66.,0.
10071,0.,144.,1.,71.,0.
10072,0.,144.,1.,72.,0.
10073,0.,144.,1.,73.,0.
10078,0.,144.,1.,78.,0.
10083,0.,144.,1.,83.,0.
10084,0.,144.,1.,84.,0.
10124,0.,144.,1.,124.,0.
10160,0.,144.,1.,160.,0.
10165,0.,144.,1.,165.,0.
10166,0.,144.,1.,166.,0.
10167,0.,144.,1.,167.,0.
10168,0.,144.,1.,168.,0.
10177,0.,144.,1.,177.,0.
10181,0.,144.,1.,181.,0.
10183,0.,144.,1.,183.,0.
10184,0.,144.,1.,184.,0.
10186,0.,144.,1.,186.,0.
10191,0.,144.,1.,191.,0.
10195,0.,144.,1.,195.,0.
10198,0.,144.,1.,198.,0.
10426,-20.,0.,-1.,26.,0.
10432,-20.,0.,-1.,32.,0.
10445,-20.,0.,-1.,45.,0.
10448,-20.,0.,-1.,48.,0.
10587,-20.,0.,-1.,187.,0.
10687,-20.,0.,-1.,87.,1.
10726,-20.,0.,-1.,126.,1.
10732,-20.,0.,-1.,132.,1.
10745,-20.,0.,-1.,145.,1.
10748,-20.,0.,-1.,148.,1.
10826,-20.,0.,1.,26.,0.
10832,-20.,0.,1.,32.,0.
10845,-20.,0.,1.,45.,0.
10848,-20.,0.,1.,48.,0.
10987,-20.,0.,1.,187.,0.
11087,-20.,0.,1.,87.,1.
11126,-20.,0.,1.,126.,1.
11132,-20.,0.,1.,132.,1.
11145,-20.,0.,1.,145.,1.
11148,-20.,0.,1.,148.,1.
11241,-20.,7.2,-1.,41.,0.
11259,-20.,7.2,-1.,59.,0.
11286,-20.,7.2,-1.,86.,0.
11287,-20.,7.2,-1.,87.,0.
11353,-20.,7.2,-1.,153.,0.
11354,-20.,7.2,-1.,154.,0.
11355,-20.,7.2,-1.,155.,0.
11392,-20.,7.2,-1.,192.,0.
11478,-20.,7.2,-1.,78.,1.
11492,-20.,7.2,-1.,92.,1.
11504,-20.,7.2,-1.,104.,1.
11505,-20.,7.2,-1.,105.,1.
11522,-20.,7.2,-1.,122.,1.
11641,-20.,7.2,1.,41.,0.
11659,-20.,7.2,1.,59.,0.
11686,-20.,7.2,1.,86.,0.
11687,-20.,7.2,1.,87.,0.
11753,-20.,7.2,1.,153.,0.
11754,-20.,7.2,1.,154.,0.
11755,-20.,7.2,1.,155.,0.
11792,-20.,7.2,1.,192.,0.
11878,-20.,7.2,1.,78.,1.
11892,-20.,7.2,1.,92.,1.
11904,-20.,7.2,1.,104.,1.
11905,-20.,7.2,1.,105.,1.
11922,-20.,7.2,1.,122.,1.
12000,-20.,14.4,-1.,0.,0.
12005,-20.,14.4,-1.,5.,0.
12015,-20.,14.4,-1.,15.,0.
12029,-20.,14.4,-1.,29.,0.
12050,-20.,14.4,-1.,50.,0.
12059,-20.,14.4,-1.,59.,0.
12065,-20.,14.4,-1.,65.,0.
12066,-20.,14.4,-1.,66.,0.
12079,-20.,14.4,-1.,79.,0.
12083,-20.,14.4,-1.,83.,0.
12155,-20.,14.4,-1.,155.,0.
12159,-20.,14.4,-1.,159.,0.
12171,-20.,14.4,-1.,171.,0.
12276,-20.,14.4,-1.,76.,1.
12279,-20.,14.4,-1.,79.,1.
12300,-20.,14.4,-1.,100.,1.
12313,-20.,14.4,-1.,113.,1.
12326,-20.,14.4,-1.,126.,1.
12343,-20.,14.4,-1.,143.,1.
12350,-20.,14.4,-1.,150.,1.
12363,-20.,14.4,-1.,163.,1.
12400,-20.,14.4,1.,0.,0.
12405,-20.,14.4,1.,5.,0.
12415,-20.,14.4,1.,15.,0.
12429,-20.,14.4,1.,29.,0.
12450,-20.,14.4,1.,50.,0.
12459,-20.,14.4,1.,59.,0.
12465,-20.,14.4,1.,65.,0.
12466,-20.,14.4,1.,66.,0.
12479,-20.,14.4,1.,79.,0.
12483,-20.,14.4,1.,83.,0.
12555,-20.,14.4,1.,155.,0.
12559,-20.,14.4,1.,159.,0.
12571,-20.,14.4,1.,171.,0.
12676,-20.,14.4,1.,76.,1.
12679,-20.,14.4,1.,79.,1.
12700,-20.,14.4,1.,100.,1.
12713,-20.,14.4,1.,113.,1.
12726,-20.,14.4,1.,126.,1.
12743,-20.,14.4,1.,143.,1.
12750,-20.,14.4,1.,150.,1.
12763,-20.,14.4,1.,163.,1.
12800,-20.,21.6,-1.,0.,0.
12802,-20.,21.6,-1.,2.,0.
12803,-20.,21.6,-1.,3.,0.
12809,-20.,21.6,-1.,9.,0.
12818,-20.,21.6,-1.,18.,0.
12825,-20.,21.6,-1.,25.,0.
12834,-20.,21.6,-1.,34.,0.
12843,-20.,21.6,-1.,43.,0.
12845,-20.,21.6,-1.,45.,0.
12853,-20.,21.6,-1.,53.,0.
12859,-20.,21.6,-1.,59.,0.
12861,-20.,21.6,-1.,61.,0.
12863,-20.,21.6,-1.,63.,0.
12866,-20.,21.6,-1.,66.,0.
12870,-20.,21.6,-1.,70.,0.
12878,-20.,21.6,-1.,78.,0.
12954,-20.,21.6,-1.,154.,0.
12956,-20.,21.6,-1.,156.,0.
12961,-20.,21.6,-1.,161.,0.
12966,-20.,21.6,-1.,166.,0.
12967,-20.,21.6,-1.,167.,0.
12974,-20.,21.6,-1.,174.,0.
12985,-20.,21.6,-1.,185.,0.
12991,-20.,21.6,-1.,191.,0.
12992,-20.,21.6,-1.,192.,0.
13076,-20.,21.6,-1.,76.,1.
13079,-20.,21.6,-1.,79.,1.
13080,-20.,21.6,-1.,80.,1.
13148,-20.,21.6,-1.,148.,1.
13155,-20.,21.6,-1.,155.,1.
13161,-20.,21.6,-1.,161.,1.
13200,-20.,21.6,1.,0.,0.
13202,-20.,21.6,1.,2.,0.
13203,-20.,21.6,1.,3.,0.
13209,-20.,21.6,1.,9.,0.
13218,-20.,21.6,1.,18.,0.
13225,-20.,21.6,1.,25.,0.
13234,-20.,21.6,1.,34.,0.
13243,-20.,21.6,1.,43.,0.
13245,-20.,21.6,1.,45.,0.
13253,-20.,21.6,1.,53.,0.
13259,-20.,21.6,1.,59.,0.
13261,-20.,21.6,1.,61.,0.
13263,-20.,21.6,1.,63.,0.
13266,-20.,21.6,1.,66.,0.
13270,-20.,21.6,1.,70.,0.
13278,-20.,21.6,1.,78.,0.
13354,-20.,21.6,1.,154.,0.
13356,-20.,21.6,1.,156.,0.
13361,-20.,21.6,1.,161.,0.
13366,-20.,21.6,1.,166.,0.
13367,-20.,21.6,1.,167.,0.
13374,-20.,21.6,1.,174.,0.
13385,-20.,21.6,1.,185.,0.
13391,-20.,21.6,1.,191.,0.
13392,-20.,21.6,1.,192.,0.
13476,-20.,21.6,1.,76.,1.
13479,-20.,21.6,1.,79.,1.
13480,-20.,21.6,1.,80.,1.
13548,-20.,21.6,1.,148.,1.
13555,-20.,21.6,1.,155.,1.
13561,-20.,21.6,1.,161.,1.
13605,-20.,28.8,-1.,5.,0.
13607,-20.,28.8,-1.,7.,0.
13623,-20.,28.8,-1.,23.,0.
13625,-20.,28.8,-1.,25.,0.
13633,-20.,28.8,-1.,33.,0.
13635,-20.,28.8,-1.,35.,0.
13644,-20.,28.8,-1.,44.,0.
13646,-20.,28.8,-1.,46.,0.
13653,-20.,28.8,-1.,53.,0.
13660,-20.,28.8,-1.,60.,0.
13661,-20.,28.8,-1.,61.,0.
13663,-20.,28.8,-1.,63.,0.
13670,-20.,28.8,-1.,70.,0.
13679,-20.,28.8,-1.,79.,0.
13682,-20.,28.8,-1.,82.,0.
13692,-20.,28.8,-1.,92.,0.
13757,-20.,28.8,-1.,157.,0.
13758,-20.,28.8,-1.,158.,0.
13759,-20.,28.8,-1.,159.,0.
13778,-20.,28.8,-1.,178.,0.
13779,-20.,28.8,-1.,179.,0.
13782,-20.,28.8,-1.,182.,0.
13790,-20.,28.8,-1.,190.,0.
13882,-20.,28.8,-1.,82.,1.
13883,-20.,28.8,-1.,83.,1.
13907,-20.,28.8,-1.,107.,1.
13909,-20.,28.8,-1.,109.,1.
13932,-20.,28.8,-1.,132.,1.
13938,-20.,28.8,-1.,138.,1.
14005,-20.,28.8,1.,5.,0.
14007,-20.,28.8,1.,7.,0.
14023,-20.,28.8,1.,23.,0.
14025,-20.,28.8,1.,25.,0.
14033,-20.,28.8,1.,33.,0.
14035,-20.,28.8,1.,35.,0.
14044,-20.,28.8,1.,44.,0.
14046,-20.,28.8,1.,46.,0.
14053,-20.,28.8,1.,53.,0.
14060,-20.,28.8,1.,60.,0.
14061,-20.,28.8,1.,61.,0.
14063,-20.,28.8,1.,63.,0.
14070,-20.,28.8,1.,70.,0.
14079,-20.,28.8,1.,79.,0.
14082,-20.,28.8,1.,82.,0.
14092,-20.,28.8,1.,92.,0.
14157,-20.,28.8,1.,157.,0.
14158,-20.,28.8,1.,158.,0.
14159,-20.,28.8,1.,159.,0.
14178,-20.,28.8,1.,178.,0.
14179,-20.,28.8,1.,179.,0.
14182,-20.,28.8,1.,182.,0.
14190,-20.,28.8,1.,190.,0.
14282,-20.,28.8,1.,82.,1.
14283,-20.,28.8,1.,83.,1.
14307,-20.,28.8,1.,107.,1.
14309,-20.,28.8,1.,109.,1.
14332,-20.,28.8,1.,132.,1.
14338,-20.,28.8,1.,138.,1.
14403,-20.,36.,-1.,3.,0.
14408,-20.,36.,-1.,8.,0.
14409,-20.,36.,-1.,9.,0.
14413,-20.,36.,-1.,13.,0.
14419,-20.,36.,-1.,19.,0.
14423,-20.,36.,-1.,23.,0.
14427,-20.,36.,-1.,27.,0.
14430,-20.,36.,-1.,30.,0.
14442,-20.,36.,-1.,42.,0.
14467,-20.,36.,-1.,67.,0.
14469,-20.,36.,-1.,69.,0.
14471,-20.,36.,-1.,71.,0.
14475,-20.,36.,-1.,75.,0.
14482,-20.,36.,-1.,82.,0.
14486,-20.,36.,-1.,86.,0.
14494,-20.,36.,-1.,94.,0.
14531,-20.,36.,-1.,131.,0.
14547,-20.,36.,-1.,147.,0.
14550,-20.,36.,-1.,150.,0.
14556,-20.,36.,-1.,156.,0.
14558,-20.,36.,-1.,158.,0.
14559,-20.,36.,-1.,159.,0.
14562,-20.,36.,-1.,162.,0.
14563,-20.,36.,-1.,163.,0.
14564,-20.,36.,-1.,164.,0.
14565,-20.,36.,-1.,165.,0.
14568,-20.,36.,-1.,168.,0.
14569,-20.,36.,-1.,169.,0.
14574,-20.,36.,-1.,174.,0.
14578,-20.,36.,-1.,178.,0.
14582,-20.,36.,-1.,182.,0.
14592,-20.,36.,-1.,192.,0.
14593,-20.,36.,-1.,193.,0.
14596,-20.,36.,-1.,196.,0.
14681,-20.,36.,-1.,81.,1.
14687,-20.,36.,-1.,87.,1.
14695,-20.,36.,-1.,95.,1.
14698,-20.,36.,-1.,98.,1.
14703,-20.,36.,-1.,103.,1.
14708,-20.,36.,-1.,108.,1.
14731,-20.,36.,-1.,131.,1.
14740,-20.,36.,-1.,140.,1.
14748,-20.,36.,-1.,148.,1.
14752,-20.,36.,-1.,152.,1.
14803,-20.,36.,1.,3.,0.
14808,-20.,36.,1.,8.,0.
14809,-20.,36.,1.,9.,0.
14813,-20.,36.,1.,13.,0.
14819,-20.,36.,1.,19.,0.
14823,-20.,36.,1.,23.,0.
14827,-20.,36.,1.,27.,0.
14830,-20.,36.,1.,30.,0.
14842,-20.,36.,1.,42.,0.
14867,-20.,36.,1.,67.,0.
14869,-20.,36.,1.,69.,0.
14871,-20.,36.,1.,71.,0.
14875,-20.,36.,1.,75.,0.
14882,-20.,36.,1.,82.,0.
14886,-20.,36.,1.,86.,0.
14894,-20.,36.,1.,94.,0.
14931,-20.,36.,1.,131.,0.
14947,-20.,36.,1.,147.,0.
14950,-20.,36.,1.,150.,0.
14956,-20.,36.,1.,156.,0.
14958,-20.,36.,1.,158.,0.
14959,-20.,36.,1.,159.,0.
14962,-20.,36.,1.,162.,0.
14963,-20.,36.,1.,163.,0.
14964,-20.,36.,1.,164.,0.
14965,-20.,36.,1.,165.,0.
14968,-20.,36.,1.,168.,0.
14969,-20.,36.,1.,169.,0.
14974,-20.,36.,1.,174.,0.
14978,-20.,36.,1.,178.,0.
14982,-20.,36.,1.,182.,0.
14992,-20.,36.,1.,192.,0.
14993,-20.,36.,1.,193.,0.
14996,-20.,36.,1.,196.,0.
15081,-20.,36.,1.,81.,1.
15087,-20.,36.,1.,87.,1.
15095,-20.,36.,1.,95.,1.
15098,-20.,36.,1.,98.,1.
15103,-20.,36.,1.,103.,1.
15108,-20.,36.,1.,108.,1.
15131,-20.,36.,1.,131.,1.
15140,-20.,36.,1.,140.,1.
15148,-20.,36.,1.,148.,1.
15152,-20.,36.,1.,152.,1.
15205,-20.,43.2,-1.,5.,0.
15208,-20.,43.2,-1.,8.,0.
15209,-20.,43.2,-1.,9.,0.
15210,-20.,43.2,-1.,10.,0.
15225,-20.,43.2,-1.,25.,0.
15233,-20.,43.2,-1.,33.,0.
15247,-20.,43.2,-1.,47.,0.
15254,-20.,43.2,-1.,54.,0.
15263,-20.,43.2,-1.,63.,0.
15265,-20.,43.2,-1.,65.,0.
15266,-20.,43.2,-1.,66.,0.
15273,-20.,43.2,-1.,73.,0.
15279,-20.,43.2,-1.,79.,0.
15281,-20.,43.2,-1.,81.,0.
15294,-20.,43.2,-1.,94.,0.
15328,-20.,43.2,-1.,128.,0.
15331,-20.,43.2,-1.,131.,0.
15337,-20.,43.2,-1.,137.,0.
15340,-20.,43.2,-1.,140.,0.
15347,-20.,43.2,-1.,147.,0.
15357,-20.,43.2,-1.,157.,0.
15358,-20.,43.2,-1.,158.,0.
15359,-20.,43.2,-1.,159.,0.
15360,-20.,43.2,-1.,160.,0.
15372,-20.,43.2,-1.,172.,0.
15375,-20.,43.2,-1.,175.,0.
15376,-20.,43.2,-1.,176.,0.
15380,-20.,43.2,-1.,180.,0.
15383,-20.,43.2,-1.,183.,0.
15384,-20.,43.2,-1.,184.,0.
15385,-20.,43.2,-1.,185.,0.
15389,-20.,43.2,-1.,189.,0.
15392,-20.,43.2,-1.,192.,0.
15393,-20.,43.2,-1.,193.,0.
15496,-20.,43.2,-1.,96.,1.
15527,-20.,43.2,-1.,127.,1.
15534,-20.,43.2,-1.,134.,1.
15538,-20.,43.2,-1.,138.,1.
15551,-20.,43.2,-1.,151.,1.
15605,-20.,43.2,1.,5.,0.
15608,-20.,43.2,1.,8.,0.
15609,-20.,43.2,1.,9.,0.
15610,-20.,43.2,1.,10.,0.
15625,-20.,43.2,1.,25.,0.
15633,-20.,43.2,1.,33.,0.
15647,-20.,43.2,1.,47.,0.
15654,-20.,43.2,1.,54.,0.
15663,-20.,43.2,1.,63.,0.
15665,-20.,43.2,1.,65.,0.
15666,-20.,43.2,1.,66.,0.
15673,-20.,43.2,1.,73.,0.
15679,-20.,43.2,1.,79.,0.
15681,-20.,43.2,1.,81.,0.
15694,-20.,43.2,1.,94.,0.
15728,-20.,43.2,1.,128.,0.
15731,-20.,43.2,1.,131.,0.
15737,-20.,43.2,1.,137.,0.
15740,-20.,43.2,1.,140.,0.
15747,-20.,43.2,1.,147.,0.
15757,-20.,43.2,1.,157.,0.
15758,-20.,43.2,1.,158.,0.
15759,-20.,43.2,1.,159.,0.
15760,-20.,43.2,1.,160.,0.
15772,-20.,43.2,1.,172.,0.
15775,-20.,43.2,1.,175.,0.
15776,-20.,43.2,1.,176.,0.
15780,-20.,43.2,1.,180.,0.
15783,-20.,43.2,1.,183.,0.
15784,-20.,43.2,1.,184.,0.
15785,-20.,43.2,1.,185.,0.
15789,-20.,43.2,1.,189.,0.
15792,-20.,43.2,1.,192.,0.
15793,-20.,43.2,1.,193.,0.
15896,-20.,43.2,1.,96.,1.
15927,-20.,43.2,1.,127.,1.
15934,-20.,43.2,1.,134.,1.
15938,-20.,43.2,1.,138.,1.
15951,-20.,43.2,1.,151.,1.
16000,-20.,57.6,-1.,0.,0.
16004,-20.,57.6,-1.,4.,0.
16009,-20.,57.6,-1.,9.,0.
16020,-20.,57.6,-1.,20.,0.
16025,-20.,57.6,-1.,25.,0.
16026,-20.,57.6,-1.,26.,0.
16027,-20.,57.6,-1.,27.,0.
16036,-20.,57.6,-1.,36.,0.
16038,-20.,57.6,-1.,38.,0.
16042,-20.,57.6,-1.,42.,0.
16043,-20.,57.6,-1.,43.,0.
16056,-20.,57.6,-1.,56.,0.
16061,-20.,57.6,-1.,61.,0.
16075,-20.,57.6,-1.,75.,0.
16077,-20.,57.6,-1.,77.,0.
16078,-20.,57.6,-1.,78.,0.
16081,-20.,57.6,-1.,81.,0.
16082,-20.,57.6,-1.,82.,0.
16086,-20.,57.6,-1.,86.,0.
16091,-20.,57.6,-1.,91.,0.
16094,-20.,57.6,-1.,94.,0.
16101,-20.,57.6,-1.,101.,0.
16105,-20.,57.6,-1.,105.,0.
16119,-20.,57.6,-1.,119.,0.
16124,-20.,57.6,-1.,124.,0.
16140,-20.,57.6,-1.,140.,0.
16145,-20.,57.6,-1.,145.,0.
16156,-20.,57.6,-1.,156.,0.
16160,-20.,57.6,-1.,160.,0.
16165,-20.,57.6,-1.,165.,0.
16178,-20.,57.6,-1.,178.,0.
16181,-20.,57.6,-1.,181.,0.
16184,-20.,57.6,-1.,184.,0.
16186,-20.,57.6,-1.,186.,0.
16187,-20.,57.6,-1.,187.,0.
16192,-20.,57.6,-1.,192.,0.
16196,-20.,57.6,-1.,196.,0.
16197,-20.,57.6,-1.,197.,0.
16198,-20.,57.6,-1.,198.,0.
16288,-20.,57.6,-1.,88.,1.
16289,-20.,57.6,-1.,89.,1.
16295,-20.,57.6,-1.,95.,1.
16301,-20.,57.6,-1.,101.,1.
16310,-20.,57.6,-1.,110.,1.
16312,-20.,57.6,-1.,112.,1.
16326,-20.,57.6,-1.,126.,1.
16330,-20.,57.6,-1.,130.,1.
16346,-20.,57.6,-1.,146.,1.
16400,-20.,57.6,1.,0.,0.
16404,-20.,57.6,1.,4.,0.
16409,-20.,57.6,1.,9.,0.
16420,-20.,57.6,1.,20.,0.
16425,-20.,57.6,1.,25.,0.
16426,-20.,57.6,1.,26.,0.
16427,-20.,57.6,1.,27.,0.
16436,-20.,57.6,1.,36.,0.
16438,-20.,57.6,1.,38.,0.
16442,-20.,57.6,1.,42.,0.
16443,-20.,57.6,1.,43.,0.
16456,-20.,57.6,1.,56.,0.
16461,-20.,57.6,1.,61.,0.
16475,-20.,57.6,1.,75.,0.
16477,-20.,57.6,1.,77.,0.
16478,-20.,57.6,1.,78.,0.
16481,-20.,57.6,1.,81.,0.
16482,-20.,57.6,1.,82.,0.
16486,-20.,57.6,1.,86.,0.
16491,-20.,57.6,1.,91.,0.
16494,-20.,57.6,1.,94.,0.
16501,-20.,57.6,1.,101.,0.
16505,-20.,57.6,1.,105.,0.
16519,-20.,57.6,1.,119.,0.
16524,-20.,57.6,1.,124.,0.
16540,-20.,57.6,1.,140.,0.
16545,-20.,57.6,1.,145.,0.
16556,-20.,57.6,1.,156.,0.
16560,-20.,57.6,1.,160.,0.
16565,-20.,57.6,1.,165.,0.
16578,-20.,57.6,1.,178.,0.
16581,-20.,57.6,1.,181.,0.
16584,-20.,57.6,1.,184.,0.
16586,-20.,57.6,1.,186.,0.
16587,-20.,57.6,1.,187.,0.
16592,-20.,57.6,1.,192.,0.
16596,-20.,57.6,1.,196.,0.
16597,-20.,57.6,1.,197.,0.
16598,-20.,57.6,1.,198.,0.
16688,-20.,57.6,1.,88.,1.
16689,-20.,57.6,1.,89.,1.
16695,-20.,57.6,1.,95.,1.
16701,-20.,57.6,1.,101.,1.
16710,-20.,57.6,1.,110.,1.
16712,-20.,57.6,1.,112.,1.
16726,-20.,57.6,1.,126.,1.
16730,-20.,57.6,1.,130.,1.
16746,-20.,57.6,1.,146.,1.
16802,-20.,72.,-1.,2.,0.
16804,-20.,72.,-1.,4.,0.
16807,-20.,72.,-1.,7.,0.
16808,-20.,72.,-1.,8.,0.
16817,-20.,72.,-1.,17.,0.
16823,-20.,72.,-1.,23.,0.
16825,-20.,72.,-1.,25.,0.
16831,-20.,72.,-1.,31.,0.
16834,-20.,72.,-1.,34.,0.
16835,-20.,72.,-1.,35.,0.
16841,-20.,72.,-1.,41.,0.
16846,-20.,72.,-1.,46.,0.
16849,-20.,72.,-1.,49.,0.
16850,-20.,72.,-1.,50.,0.
16863,-20.,72.,-1.,63.,0.
16867,-20.,72.,-1.,67.,0.
16873,-20.,72.,-1.,73.,0.
16875,-20.,72.,-1.,75.,0.
16878,-20.,72.,-1.,78.,0.
16880,-20.,72.,-1.,80.,0.
16881,-20.,72.,-1.,81.,0.
16887,-20.,72.,-1.,87.,0.
16903,-20.,72.,-1.,103.,0.
16917,-20.,72.,-1.,117.,0.
16918,-20.,72.,-1.,118.,0.
16935,-20.,72.,-1.,135.,0.
16941,-20.,72.,-1.,141.,0.
16959,-20.,72.,-1.,159.,0.
16961,-20.,72.,-1.,161.,0.
16962,-20.,72.,-1.,162.,0.
16964,-20.,72.,-1.,164.,0.
16972,-20.,72.,-1.,172.,0.
16975,-20.,72.,-1.,175.,0.
16976,-20.,72.,-1.,176.,0.
16985,-20.,72.,-1.,185.,0.
16986,-20.,72.,-1.,186.,0.
16991,-20.,72.,-1.,191.,0.
16993,-20.,72.,-1.,193.,0.
16995,-20.,72.,-1.,195.,0.
16997,-20.,72.,-1.,197.,0.
16999,-20.,72.,-1.,199.,0.
17098,-20.,72.,-1.,98.,1.
17099,-20.,72.,-1.,99.,1.
17102,-20.,72.,-1.,102.,1.
17104,-20.,72.,-1.,104.,1.
17113,-20.,72.,-1.,113.,1.
17114,-20.,72.,-1.,114.,1.
17127,-20.,72.,-1.,127.,1.
17136,-20.,72.,-1.,136.,1.
17140,-20.,72.,-1.,140.,1.
17202,-20.,72.,1.,2.,0.
17204,-20.,72.,1.,4.,0.
17207,-20.,72.,1.,7.,0.
17208,-20.,72.,1.,8.,0.
17217,-20.,72.,1.,17.,0.
17223,-20.,72.,1.,23.,0.
17225,-20.,72.,1.,25.,0.
17231,-20.,72.,1.,31.,0.
17234,-20.,72.,1.,34.,0.
17235,-20.,72.,1.,35.,0.
17241,-20.,72.,1.,41.,0.
17246,-20.,72.,1.,46.,0.
17249,-20.,72.,1.,49.,0.
17250,-20.,72.,1.,50.,0.
17263,-20.,72.,1.,63.,0.
17267,-20.,72.,1.,67.,0.
17273,-20.,72.,1.,73.,0.
17275,-20.,72.,1.,75.,0.
17278,-20.,72.,1.,78.,0.
17280,-20.,72.,1.,80.,0.
17281,-20.,72.,1.,81.,0.
17287,-20.,72.,1.,87.,0.
17303,-20.,72.,1.,103.,0.
17317,-20.,72.,1.,117.,0.
17318,-20.,72.,1.,118.,0.
17335,-20.,72.,1.,135.,0.
17341,-20.,72.,1.,141.,0.
17359,-20.,72.,1.,159.,0.
17361,-20.,72.,1.,161.,0.
17362,-20.,72.,1.,162.,0.
17364,-20.,72.,1.,164.,0.
17372,-20.,72.,1.,172.,0.
17375,-20.,72.,1.,175.,0.
17376,-20.,72.,1.,176.,0.
17385,-20.,72.,1.,185.,0.
17386,-20.,72.,1.,186.,0.
17391,-20.,72.,1.,191.,0.
17393,-20.,72.,1.,193.,0.
17395,-20.,72.,1.,195.,0.
17397,-20.,72.,1.,197.,0.
17399,-20.,72.,1.,199.,0.
17498,-20.,72.,1.,98.,1.
17499,-20.,72.,1.,99.,1.
17502,-20.,72.,1.,102.,1.
17504,-20.,72.,1.,104.,1.
17513,-20.,72.,1.,113.,1.
17514,-20.,72.,1.,114.,1.
17527,-20.,72.,1.,127.,1.
17536,-20.,72.,1.,136.,1.
17540,-20.,72.,1.,140.,1.
17600,-20.,86.4,-1.,0.,0.
17603,-20.,86.4,-1.,3.,0.
17609,-20.,86.4,-1.,9.,0.
17610,-20.,86.4,-1.,10.,0.
17612,-20.,86.4,-1.,12.,0.
17622,-20.,86.4,-1.,22.,0.
17623,-20.,86.4,-1.,23.,0.
17624,-20.,86.4,-1.,24.,0.
17625,-20.,86.4,-1.,25.,0.
17629,-20.,86.4,-1.,29.,0.
17631,-20.,86.4,-1.,31.,0.
17634,-20.,86.4,-1.,34.,0.
17635,-20.,86.4,-1.,35.,0.
17638,-20.,86.4,-1.,38.,0.
17639,-20.,86.4,-1.,39.,0.
17640,-20.,86.4,-1.,40.,0.
17644,-20.,86.4,-1.,44.,0.
17649,-20.,86.4,-1.,49.,0.
17662,-20.,86.4,-1.,62.,0.
17671,-20.,86.4,-1.,71.,0.
17675,-20.,86.4,-1.,75.,0.
17679,-20.,86.4,-1.,79.,0.
17682,-20.,86.4,-1.,82.,0.
17702,-20.,86.4,-1.,102.,0.
17714,-20.,86.4,-1.,114.,0.
17724,-20.,86.4,-1.,124.,0.
17727,-20.,86.4,-1.,127.,0.
17751,-20.,86.4,-1.,151.,0.
17756,-20.,86.4,-1.,156.,0.
17757,-20.,86.4,-1.,157.,0.
17759,-20.,86.4,-1.,159.,0.
17761,-20.,86.4,-1.,161.,0.
17762,-20.,86.4,-1.,162.,0.
17765,-20.,86.4,-1.,165.,0.
17767,-20.,86.4,-1.,167.,0.
17769,-20.,86.4,-1.,169.,0.
17772,-20.,86.4,-1.,172.,0.
17773,-20.,86.4,-1.,173.,0.
17774,-20.,86.4,-1.,174.,0.
17775,-20.,86.4,-1.,175.,0.
17777,-20.,86.4,-1.,177.,0.
17780,-20.,86.4,-1.,180.,0.
17781,-20.,86.4,-1.,181.,0.
17782,-20.,86.4,-1.,182.,0.
17785,-20.,86.4,-1.,185.,0.
17786,-20.,86.4,-1.,186.,0.
17790,-20.,86.4,-1.,190.,0.
17794,-20.,86.4,-1.,194.,0.
17799,-20.,86.4,-1.,199.,0.
17903,-20.,86.4,-1.,103.,1.
17906,-20.,86.4,-1.,106.,1.
17910,-20.,86.4,-1.,110.,1.
17911,-20.,86.4,-1.,111.,1.
17914,-20.,86.4,-1.,114.,1.
17921,-20.,86.4,-1.,121.,1.
17929,-20.,86.4,-1.,129.,1.
17933,-20.,86.4,-1.,133.,1.
17934,-20.,86.4,-1.,134.,1.
18000,-20.,86.4,1.,0.,0.
18003,-20.,86.4,1.,3.,0.
18009,-20.,86.4,1.,9.,0.
18010,-20.,86.4,1.,10.,0.
18012,-20.,86.4,1.,12.,0.
18022,-20.,86.4,1.,22.,0.
18023,-20.,86.4,1.,23.,0.
18024,-20.,86.4,1.,24.,0.
18025,-20.,86.4,1.,25.,0.
18029,-20.,86.4,1.,29.,0.
18031,-20.,86.4,1.,31.,0.
18034,-20.,86.4,1.,34.,0.
18035,-20.,86.4,1.,35.,0.
18038,-20.,86.4,1.,38.,0.
18039,-20.,86.4,1.,39.,0.
18040,-20.,86.4,1.,40.,0.
18044,-20.,86.4,1.,44.,0.
18049,-20.,86.4,1.,49.,0.
18062,-20.,86.4,1.,62.,0.
18071,-20.,86.4,1.,71.,0.
18075,-20.,86.4,1.,75.,0.
18079,-20.,86.4,1.,79.,0.
18082,-20.,86.4,1.,82.,0.
18102,-20.,86.4,1.,102.,0.
18114,-20.,86.4,1.,114.,0.
18124,-20.,86.4,1.,124.,0.
18127,-20.,86.4,1.,127.,0.
18151,-20.,86.4,1.,151.,0.
18156,-20.,86.4,1.,156.,0.
18157,-20.,86.4,1.,157.,0.
18159,-20.,86.4,1.,159.,0.
18161,-20.,86.4,1.,161.,0.
18162,-20.,86.4,1.,162.,0.
18165,-20.,86.4,1.,165.,0.
18167,-20.,86.4,1.,167.,0.
18169,-20.,86.4,1.,169.,0.
18172,-20.,86.4,1.,172.,0.
18173,-20.,86.4,1.,173.,0.
18174,-20.,86.4,1.,174.,0.
18175,-20.,86.4,1.,175.,0.
18177,-20.,86.4,1.,177.,0.
18180,-20.,86.4,1.,180.,0.
18181,-20.,86.4,1.,181.,0.
18182,-20.,86.4,1.,182.,0.
18185,-20.,86.4,1.,185.,0.
18186,-20.,86.4,1.,186.,0.
18190,-20.,86.4,1.,190.,0.
18194,-20.,86.4,1.,194.,0.
18199,-20.,86.4,1.,199.,0.
18303,-20.,86.4,1.,103.,1.
18306,-20.,86.4,1.,106.,1.
18310,-20.,86.4,1.,110.,1.
18311,-20.,86.4,1.,111.,1.
18314,-20.,86.4,1.,114.,1.
18321,-20.,86.4,1.,121.,1.
18329,-20.,86.4,1.,129.,1.
18333,-20.,86.4,1.,133.,1.
18334,-20.,86.4,1.,134.,1.
18400,-20.,100.8,-1.,0.,0.
18403,-20.,100.8,-1.,3.,0.
18404,-20.,100.8,-1.,4.,0.
18405,-20.,100.8,-1.,5.,0.
18412,-20.,100.8,-1.,12.,0.
18417,-20.,100.8,-1.,17.,0.
18420,-20.,100.8,-1.,20.,0.
18422,-20.,100.8,-1.,22.,0.
18430,-20.,100.8,-1.,30.,0.
18437,-20.,100.8,-1.,37.,0.
18451,-20.,100.8,-1.,51.,0.
18452,-20.,100.8,-1.,52.,0.
18455,-20.,100.8,-1.,55.,0.
18465,-20.,100.8,-1.,65.,0.
18468,-20.,100.8,-1.,68.,0.
18469,-20.,100.8,-1.,69.,0.
18471,-20.,100.8,-1.,71.,0.
18473,-20.,100.8,-1.,73.,0.
18477,-20.,100.8,-1.,77.,0.
18479,-20.,100.8,-1.,79.,0.
18483,-20.,100.8,-1.,83.,0.
18486,-20.,100.8,-1.,86.,0.
18491,-20.,100.8,-1.,91.,0.
18494,-20.,100.8,-1.,94.,0.
18499,-20.,100.8,-1.,99.,0.
18501,-20.,100.8,-1.,101.,0.
18502,-20.,100.8,-1.,102.,0.
18530,-20.,100.8,-1.,130.,0.
18560,-20.,100.8,-1.,160.,0.
18562,-20.,100.8,-1.,162.,0.
18563,-20.,100.8,-1.,163.,0.
18566,-20.,100.8,-1.,166.,0.
18570,-20.,100.8,-1.,170.,0.
18572,-20.,100.8,-1.,172.,0.
18573,-20.,100.8,-1.,173.,0.
18574,-20.,100.8,-1.,174.,0.
18576,-20.,100.8,-1.,176.,0.
18577,-20.,100.8,-1.,177.,0.
18585,-20.,100.8,-1.,185.,0.
18591,-20.,100.8,-1.,191.,0.
18593,-20.,100.8,-1.,193.,0.
18597,-20.,100.8,-1.,197.,0.
18708,-20.,100.8,-1.,108.,1.
18712,-20.,100.8,-1.,112.,1.
18717,-20.,100.8,-1.,117.,1.
18724,-20.,100.8,-1.,124.,1.
18725,-20.,100.8,-1.,125.,1.
18726,-20.,100.8,-1.,126.,1.
18800,-20.,100.8,1.,0.,0.
18803,-20.,100.8,1.,3.,0.
18804,-20.,100.8,1.,4.,0.
18805,-20.,100.8,1.,5.,0.
18812,-20.,100.8,1.,12.,0.
18817,-20.,100.8,1.,17.,0.
18820,-20.,100.8,1.,20.,0.
18822,-20.,100.8,1.,22.,0.
18830,-20.,100.8,1.,30.,0.
18837,-20.,100.8,1.,37.,0.
18851,-20.,100.8,1.,51.,0.
18852,-20.,100.8,1.,52.,0.
18855,-20.,100.8,1.,55.,0.
18865,-20.,100.8,1.,65.,0.
18868,-20.,100.8,1.,68.,0.
18869,-20.,100.8,1.,69.,0.
18871,-20.,100.8,1.,71.,0.
18873,-20.,100.8,1.,73.,0.
18877,-20.,100.8,1.,77.,0.
18879,-20.,100.8,1.,79.,0.
18883,-20.,100.8,1.,83.,0.
18886,-20.,100.8,1.,86.,0.
18891,-20.,100.8,1.,91.,0.
18894,-20.,100.8,1.,94.,0.
18899,-20.,100.8,1.,99.,0.
18901,-20.,100.8,1.,101.,0.
18902,-20.,100.8,1.,102.,0.
18930,-20.,100.8,1.,130.,0.
18960,-20.,100.8,1.,160.,0.
18962,-20.,100.8,1.,162.,0.
18963,-20.,100.8,1.,163.,0.
18966,-20.,100.8,1.,166.,0.
18970,-20.,100.8,1.,170.,0.
18972,-20.,100.8,1.,172.,0.
18973,-20.,100.8,1.,173.,0.
18974,-20.,100.8,1.,174.,0.
18976,-20.,100.8,1.,176.,0.
18977,-20.,100.8,1.,177.,0.
18985,-20.,100.8,1.,185.,0.
18991,-20.,100.8,1.,191.,0.
18993,-20.,100.8,1.,193.,0.
18997,-20.,100.8,1.,197.,0.
19108,-20.,100.8,1.,108.,1.
19112,-20.,100.8,1.,112.,1.
19117,-20.,100.8,1.,117.,1.
19124,-20.,100.8,1.,124.,1.
19125,-20.,100.8,1.,125.,1.
19126,-20.,100.8,1.,126.,1.
19205,-20.,115.2,-1.,5.,0.
19212,-20.,115.2,-1.,12.,0.
19214,-20.,115.2,-1.,14.,0.
19216,-20.,115.2,-1.,16.,0.
19217,-20.,115.2,-1.,17.,0.
19218,-20.,115.2,-1.,18.,0.
19219,-20.,115.2,-1.,19.,0.
19220,-20.,115.2,-1.,20.,0.
19221,-20.,115.2,-1.,21.,0.
19222,-20.,115.2,-1.,22.,0.
19229,-20.,115.2,-1.,29.,0.
19234,-20.,115.2,-1.,34.,0.
19237,-20.,115.2,-1.,37.,0.
19243,-20.,115.2,-1.,43.,0.
19247,-20.,115.2,-1.,47.,0.
19255,-20.,115.2,-1.,55.,0.
19260,-20.,115.2,-1.,60.,0.
19262,-20.,115.2,-1.,62.,0.
19263,-20.,115.2,-1.,63.,0.
19264,-20.,115.2,-1.,64.,0.
19265,-20.,115.2,-1.,65.,0.
19266,-20.,115.2,-1.,66.,0.
19272,-20.,115.2,-1.,72.,0.
19275,-20.,115.2,-1.,75.,0.
19276,-20.,115.2,-1.,76.,0.
19278,-20.,115.2,-1.,78.,0.
19279,-20.,115.2,-1.,79.,0.
19281,-20.,115.2,-1.,81.,0.
19288,-20.,115.2,-1.,88.,0.
19289,-20.,115.2,-1.,89.,0.
19297,-20.,115.2,-1.,97.,0.
19311,-20.,115.2,-1.,111.,0.
19317,-20.,115.2,-1.,117.,0.
19323,-20.,115.2,-1.,123.,0.
19343,-20.,115.2,-1.,143.,0.
19354,-20.,115.2,-1.,154.,0.
19355,-20.,115.2,-1.,155.,0.
19357,-20.,115.2,-1.,157.,0.
19361,-20.,115.2,-1.,161.,0.
19362,-20.,115.2,-1.,162.,0.
19364,-20.,115.2,-1.,164.,0.
19366,-20.,115.2,-1.,166.,0.
19375,-20.,115.2,-1.,175.,0.
19376,-20.,115.2,-1.,176.,0.
19381,-20.,115.2,-1.,181.,0.
19386,-20.,115.2,-1.,186.,0.
19387,-20.,115.2,-1.,187.,0.
19390,-20.,115.2,-1.,190.,0.
19391,-20.,115.2,-1.,191.,0.
19393,-20.,115.2,-1.,193.,0.
19397,-20.,115.2,-1.,197.,0.
19399,-20.,115.2,-1.,199.,0.
19605,-20.,115.2,1.,5.,0.
19612,-20.,115.2,1.,12.,0.
19614,-20.,115.2,1.,14.,0.
19616,-20.,115.2,1.,16.,0.
19617,-20.,115.2,1.,17.,0.
19618,-20.,115.2,1.,18.,0.
19619,-20.,115.2,1.,19.,0.
19620,-20.,115.2,1.,20.,0.
19621,-20.,115.2,1.,21.,0.
19622,-20.,115.2,1.,22.,0.
19629,-20.,115.2,1.,29.,0.
19634,-20.,115.2,1.,34.,0.
19637,-20.,115.2,1.,37.,0.
19643,-20.,115.2,1.,43.,0.
19647,-20.,115.2,1.,47.,0.
19655,-20.,115.2,1.,55.,0.
19660,-20.,115.2,1.,60.,0.
19662,-20.,115.2,1.,62.,0.
19663,-20.,115.2,1.,63.,0.
19664,-20.,115.2,1.,64.,0.
19665,-20.,115.2,1.,65.,0.
19666,-20.,115.2,1.,66.,0.
19672,-20.,115.2,1.,72.,0.
19675,-20.,115.2,1.,75.,0.
19676,-20.,115.2,1.,76.,0.
19678,-20.,115.2,1.,78.,0.
19679,-20.,115.2,1.,79.,0.
19681,-20.,115.2,1.,81.,0.
19688,-20.,115.2,1.,88.,0.
19689,-20.,115.2,1.,89.,0.
19697,-20.,115.2,1.,97.,0.
19711,-20.,115.2,1.,111.,0.
19717,-20.,115.2,1.,117.,0.
19723,-20.,115.2,1.,123.,0.
19743,-20.,115.2,1.,143.,0.
19754,-20.,115.2,1.,154.,0.
19755,-20.,115.2,1.,155.,0.
19757,-20.,115.2,1.,157.,0.
19761,-20.,115.2,1.,161.,0.
19762,-20.,115.2,1.,162.,0.
19764,-20.,115.2,1.,164.,0.
19766,-20.,115.2,1.,166.,0.
19775,-20.,115.2,1.,175.,0.
19776,-20.,115.2,1.,176.,0.
19781,-20.,115.2,1.,181.,0.
19786,-20.,115.2,1.,186.,0.
19787,-20.,115.2,1.,187.,0.
19790,-20.,115.2,1.,190.,0.
19791,-20.,115.2,1.,191.,0.
19793,-20.,115.2,1.,193.,0.
19797,-20.,115.2,1.,197.,0.
19799,-20.,115.2,1.,199.,0.
20001,-20.,144.,-1.,1.,0.
20002,-20.,144.,-1.,2.,0.
20010,-20.,144.,-1.,10.,0.
20011,-20.,144.,-1.,11.,0.
20013,-20.,144.,-1.,13.,0.
20017,-20.,144.,-1.,17.,0.
20018,-20.,144.,-1.,18.,0.
20021,-20.,144.,-1.,21.,0.
20022,-20.,144.,-1.,22.,0.
20026,-20.,144.,-1.,26.,0.
20027,-20.,144.,-1.,27.,0.
20030,-20.,144.,-1.,30.,0.
20031,-20.,144.,-1.,31.,0.
20035,-20.,144.,-1.,35.,0.
20036,-20.,144.,-1.,36.,0.
20039,-20.,144.,-1.,39.,0.
20040,-20.,144.,-1.,40.,0.
20042,-20.,144.,-1.,42.,0.
20043,-20.,144.,-1.,43.,0.
20045,-20.,144.,-1.,45.,0.
20047,-20.,144.,-1.,47.,0.
20050,-20.,144.,-1.,50.,0.
20052,-20.,144.,-1.,52.,0.
20053,-20.,144.,-1.,53.,0.
20055,-20.,144.,-1.,55.,0.
20057,-20.,144.,-1.,57.,0.
20061,-20.,144.,-1.,61.,0.
20077,-20.,144.,-1.,77.,0.
20090,-20.,144.,-1.,90.,0.
20091,-20.,144.,-1.,91.,0.
20093,-20.,144.,-1.,93.,0.
20096,-20.,144.,-1.,96.,0.
20097,-20.,144.,-1.,97.,0.
20145,-20.,144.,-1.,145.,0.
20148,-20.,144.,-1.,148.,0.
20149,-20.,144.,-1.,149.,0.
20151,-20.,144.,-1.,151.,0.
20154,-20.,144.,-1.,154.,0.
20162,-20.,144.,-1.,162.,0.
20165,-20.,144.,-1.,165.,0.
20166,-20.,144.,-1.,166.,0.
20169,-20.,144.,-1.,169.,0.
20174,-20.,144.,-1.,174.,0.
20175,-20.,144.,-1.,175.,0.
20177,-20.,144.,-1.,177.,0.
20180,-20.,144.,-1.,180.,0.
20182,-20.,144.,-1.,182.,0.
20186,-20.,144.,-1.,186.,0.
20188,-20.,144.,-1.,188.,0.
20189,-20.,144.,-1.,189.,0.
20191,-20.,144.,-1.,191.,0.
20193,-20.,144.,-1.,193.,0.
20194,-20.,144.,-1.,194.,0.
20198,-20.,144.,-1.,198.,0.
20401,-20.,144.,1.,1.,0.
20402,-20.,144.,1.,2.,0.
20410,-20.,144.,1.,10.,0.
20411,-20.,144.,1.,11.,0.
20413,-20.,144.,1.,13.,0.
20417,-20.,144.,1.,17.,0.
20418,-20.,144.,1.,18.,0.
20421,-20.,144.,1.,21.,0.
20422,-20.,144.,1.,22.,0.
20426,-20.,144.,1.,26.,0.
20427,-20.,144.,1.,27.,0.
20430,-20.,144.,1.,30.,0.
20431,-20.,144.,1.,31.,0.
20435,-20.,144.,1.,35.,0.
20436,-20.,144.,1.,36.,0.
20439,-20.,144.,1.,39.,0.
20440,-20.,144.,1.,40.,0.
20442,-20.,144.,1.,42.,0.
20443,-20.,144.,1.,43.,0.
20445,-20.,144.,1.,45.,0.
20447,-20.,144.,1.,47.,0.
20450,-20.,144.,1.,50.,0.
20452,-20.,144.,1.,52.,0.
20453,-20.,144.,1.,53.,0.
20455,-20.,144.,1.,55.,0.
20457,-20.,144.,1.,57.,0.
20461,-20.,144.,1.,61.,0.
20477,-20.,144.,1.,77.,0.
20490,-20.,144.,1.,90.,0.
20491,-20.,144.,1.,91.,0.
20493,-20.,144.,1.,93.,0.
20496,-20.,144.,1.,96.,0.
20497,-20.,144.,1.,97.,0.
20545,-20.,144.,1.,145.,0.
20548,-20.,144.,1.,148.,0.
20549,-20.,144.,1.,149.,0.
20551,-20.,144.,1.,151.,0.
20554,-20.,144.,1.,154.,0.
20562,-20.,144.,1.,162.,0.
20565,-20.,144.,1.,165.,0.
20566,-20.,144.,1.,166.,0.
20569,-20.,144.,1.,169.,0.
20574,-20.,144.,1.,174.,0.
20575,-20.,144.,1.,175.,0.
20577,-20.,144.,1.,177.,0.
20580,-20.,144.,1.,180.,0.
20582,-20.,144.,1.,182.,0.
20586,-20.,144.,1.,186.,0.
20588,-20.,144.,1.,188.,0.
20589,-20.,144.,1.,189.,0.
20591,-20.,144.,1.,191.,0.
20593,-20.,144.,1.,193.,0.
20594,-20.,144.,1.,194.,0.
20598,-20.,144.,1.,198.,0.
20807,-20.,172.8,-1.,7.,0.
20808,-20.,172.8,-1.,8.,0.
20809,-20.,172.8,-1.,9.,0.
20812,-20.,172.8,-1.,12.,0.
20813,-20.,172.8,-1.,13.,0.
20814,-20.,172.8,-1.,14.,0.
20815,-20.,172.8,-1.,15.,0.
20816,-20.,172.8,-1.,16.,0.
20818,-20.,172.8,-1.,18.,0.
20820,-20.,172.8,-1.,20.,0.
20821,-20.,172.8,-1.,21.,0.
20826,-20.,172.8,-1.,26.,0.
20827,-20.,172.8,-1.,27.,0.
20829,-20.,172.8,-1.,29.,0.
20832,-20.,172.8,-1.,32.,0.
20837,-20.,172.8,-1.,37.,0.
20847,-20.,172.8,-1.,47.,0.
20848,-20.,172.8,-1.,48.,0.
20849,-20.,172.8,-1.,49.,0.
20856,-20.,172.8,-1.,56.,0.
20858,-20.,172.8,-1.,58.,0.
20859,-20.,172.8,-1.,59.,0.
20863,-20.,172.8,-1.,63.,0.
20864,-20.,172.8,-1.,64.,0.
20873,-20.,172.8,-1.,73.,0.
20874,-20.,172.8,-1.,74.,0.
20875,-20.,172.8,-1.,75.,0.
20876,-20.,172.8,-1.,76.,0.
20882,-20.,172.8,-1.,82.,0.
20885,-20.,172.8,-1.,85.,0.
20886,-20.,172.8,-1.,86.,0.
20892,-20.,172.8,-1.,92.,0.
20898,-20.,172.8,-1.,98.,0.
20904,-20.,172.8,-1.,104.,0.
20911,-20.,172.8,-1.,111.,0.
20945,-20.,172.8,-1.,145.,0.
20950,-20.,172.8,-1.,150.,0.
20953,-20.,172.8,-1.,153.,0.
20954,-20.,172.8,-1.,154.,0.
20957,-20.,172.8,-1.,157.,0.
20958,-20.,172.8,-1.,158.,0.
20966,-20.,172.8,-1.,166.,0.
20967,-20.,172.8,-1.,167.,0.
20972,-20.,172.8,-1.,172.,0.
20974,-20.,172.8,-1.,174.,0.
20975,-20.,172.8,-1.,175.,0.
20979,-20.,172.8,-1.,179.,0.
20981,-20.,172.8,-1.,181.,0.
20986,-20.,172.8,-1.,186.,0.
20989,-20.,172.8,-1.,189.,0.
20992,-20.,172.8,-1.,192.,0.
20997,-20.,172.8,-1.,197.,0.
20999,-20.,172.8,-1.,199.,0.
21207,-20.,172.8,1.,7.,0.
21208,-20.,172.8,1.,8.,0.
21209,-20.,172.8,1.,9.,0.
21212,-20.,172.8,1.,12.,0.
21213,-20.,172.8,1.,13.,0.
21214,-20.,172.8,1.,14.,0.
21215,-20.,172.8,1.,15.,0.
21216,-20.,172.8,1.,16.,0.
21218,-20.,172.8,1.,18.,0.
21220,-20.,172.8,1.,20.,0.
21221,-20.,172.8,1.,21.,0.
21226,-20.,172.8,1.,26.,0.
21227,-20.,172.8,1.,27.,0.
21229,-20.,172.8,1.,29.,0.
21232,-20.,172.8,1.,32.,0.
21237,-20.,172.8,1.,37.,0.
21247,-20.,172.8,1.,47.,0.
21248,-20.,172.8,1.,48.,0.
21249,-20.,172.8,1.,49.,0.
21256,-20.,172.8,1.,56.,0.
21258,-20.,172.8,1.,58.,0.
21259,-20.,172.8,1.,59.,0.
21263,-20.,172.8,1.,63.,0.
21264,-20.,172.8,1.,64.,0.
21273,-20.,172.8,1.,73.,0.
21274,-20.,172.8,1.,74.,0.
21275,-20.,172.8,1.,75.,0.
21276,-20.,172.8,1.,76.,0.
21282,-20.,172.8,1.,82.,0.
21285,-20.,172.8,1.,85.,0.
21286,-20.,172.8,1.,86.,0.
21292,-20.,172.8,1.,92.,0.
21298,-20.,172.8,1.,98.,0.
21304,-20.,172.8,1.,104.,0.
21311,-20.,172.8,1.,111.,0.
21345,-20.,172.8,1.,145.,0.
21350,-20.,172.8,1.,150.,0.
21353,-20.,172.8,1.,153.,0.
21354,-20.,172.8,1.,154.,0.
21357,-20.,172.8,1.,157.,0.
21358,-20.,172.8,1.,158.,0.
21366,-20.,172.8,1.,166.,0.
21367,-20.,172.8,1.,167.,0.
21372,-20.,172.8,1.,172.,0.
21374,-20.,172.8,1.,174.,0.
21375,-20.,172.8,1.,175.,0.
21379,-20.,172.8,1.,179.,0.
21381,-20.,172.8,1.,181.,0.
21386,-20.,172.8,1.,186.,0.
21389,-20.,172.8,1.,189.,0.
21392,-20.,172.8,1.,192.,0.
21397,-20.,172.8,1.,197.,0.
21399,-20.,172.8,1.,199.,0.
21601,-20.,201.6,-1.,1.,0.
21602,-20.,201.6,-1.,2.,0.
21606,-20.,201.6,-1.,6.,0.
21608,-20.,201.6,-1.,8.,0.
21609,-20.,201.6,-1.,9.,0.
21617,-20.,201.6,-1.,17.,0.
21619,-20.,201.6,-1.,19.,0.
21620,-20.,201.6,-1.,20.,0.
21621,-20.,201.6,-1.,21.,0.
21623,-20.,201.6,-1.,23.,0.
21624,-20.,201.6,-1.,24.,0.
21626,-20.,201.6,-1.,26.,0.
21631,-20.,201.6,-1.,31.,0.
21633,-20.,201.6,-1.,33.,0.
21638,-20.,201.6,-1.,38.,0.
21639,-20.,201.6,-1.,39.,0.
21641,-20.,201.6,-1.,41.,0.
21642,-20.,201.6,-1.,42.,0.
21643,-20.,201.6,-1.,43.,0.
21648,-20.,201.6,-1.,48.,0.
21651,-20.,201.6,-1.,51.,0.
21652,-20.,201.6,-1.,52.,0.
21654,-20.,201.6,-1.,54.,0.
21656,-20.,201.6,-1.,56.,0.
21658,-20.,201.6,-1.,58.,0.
21660,-20.,201.6,-1.,60.,0.
21662,-20.,201.6,-1.,62.,0.
21665,-20.,201.6,-1.,65.,0.
21667,-20.,201.6,-1.,67.,0.
21675,-20.,201.6,-1.,75.,0.
21684,-20.,201.6,-1.,84.,0.
21692,-20.,201.6,-1.,92.,0.
21694,-20.,201.6,-1.,94.,0.
21696,-20.,201.6,-1.,96.,0.
21727,-20.,201.6,-1.,127.,0.
21731,-20.,201.6,-1.,131.,0.
21738,-20.,201.6,-1.,138.,0.
21748,-20.,201.6,-1.,148.,0.
21750,-20.,201.6,-1.,150.,0.
21759,-20.,201.6,-1.,159.,0.
21761,-20.,201.6,-1.,161.,0.
21763,-20.,201.6,-1.,163.,0.
21764,-20.,201.6,-1.,164.,0.
21767,-20.,201.6,-1.,167.,0.
21768,-20.,201.6,-1.,168.,0.
21769,-20.,201.6,-1.,169.,0.
21771,-20.,201.6,-1.,171.,0.
21772,-20.,201.6,-1.,172.,0.
21773,-20.,201.6,-1.,173.,0.
21775,-20.,201.6,-1.,175.,0.
21779,-20.,201.6,-1.,179.,0.
21780,-20.,201.6,-1.,180.,0.
21782,-20.,201.6,-1.,182.,0.
21784,-20.,201.6,-1.,184.,0.
21785,-20.,201.6,-1.,185.,0.
21788,-20.,201.6,-1.,188.,0.
21791,-20.,201.6,-1.,191.,0.
21792,-20.,201.6,-1.,192.,0.
21794,-20.,201.6,-1.,194.,0.
21795,-20.,201.6,-1.,195.,0.
21796,-20.,201.6,-1.,196.,0.
21798,-20.,201.6,-1.,198.,0.
22001,-20.,201.6,1.,1.,0.
22002,-20.,201.6,1.,2.,0.
22006,-20.,201.6,1.,6.,0.
22008,-20.,201.6,1.,8.,0.
22009,-20.,201.6,1.,9.,0.
22017,-20.,201.6,1.,17.,0.
22019,-20.,201.6,1.,19.,0.
22020,-20.,201.6,1.,20.,0.
22021,-20.,201.6,1.,21.,0.
22023,-20.,201.6,1.,23.,0.
22024,-20.,201.6,1.,24.,0.
22026,-20.,201.6,1.,26.,0.
22031,-20.,201.6,1.,31.,0.
22033,-20.,201.6,1.,33.,0.
22038,-20.,201.6,1.,38.,0.
22039,-20.,201.6,1.,39.,0.
22041,-20.,201.6,1.,41.,0.
22042,-20.,201.6,1.,42.,0.
22043,-20.,201.6,1.,43.,0.
22048,-20.,201.6,1.,48.,0.
22051,-20.,201.6,1.,51.,0.
22052,-20.,201.6,1.,52.,0.
22054,-20.,201.6,1.,54.,0.
22056,-20.,201.6,1.,56.,0.
22058,-20.,201.6,1.,58.,0.
22060,-20.,201.6,1.,60.,0.
22062,-20.,201.6,1.,62.,0.
22065,-20.,201.6,1.,65.,0.
22067,-20.,201.6,1.,67.,0.
22075,-20.,201.6,1.,75.,0.
22084,-20.,201.6,1.,84.,0.
22092,-20.,201.6,1.,92.,0.
22094,-20.,201.6,1.,94.,0.
22096,-20.,201.6,1.,96.,0.
22127,-20.,201.6,1.,127.,0.
22131,-20.,201.6,1.,131.,0.
22138,-20.,201.6,1.,138.,0.
22148,-20.,201.6,1.,148.,0.
22150,-20.,201.6,1.,150.,0.
22159,-20.,201.6,1.,159.,0.
22161,-20.,201.6,1.,161.,0.
22163,-20.,201.6,1.,163.,0.
22164,-20.,201.6,1.,164.,0.
22167,-20.,201.6,1.,167.,0.
22168,-20.,201.6,1.,168.,0.
22169,-20.,201.6,1.,169.,0.
22171,-20.,201.6,1.,171.,0.
22172,-20.,201.6,1.,172.,0.
22173,-20.,201.6,1.,173.,0.
22175,-20.,201.6,1.,175.,0.
22179,-20.,201.6,1.,179.,0.
22180,-20.,201.6,1.,180.,0.
22182,-20.,201.6,1.,182.,0.
22184,-20.,201.6,1.,184.,0.
22185,-20.,201.6,1.,185.,0.
22188,-20.,201.6,1.,188.,0.
22191,-20.,201.6,1.,191.,0.
22192,-20.,201.6,1.,192.,0.
22194,-20.,201.6,1.,194.,0.
22195,-20.,201.6,1.,195.,0.
22196,-20.,201.6,1.,196.,0.
22198,-20.,201.6,1.,198.,0.
22400,-20.,230.4,-1.,0.,0.
22401,-20.,230.4,-1.,1.,0.
22402,-20.,230.4,-1.,2.,0.
22408,-20.,230.4,-1.,8.,0.
22409,-20.,230.4,-1.,9.,0.
22410,-20.,230.4,-1.,10.,0.
22413,-20.,230.4,-1.,13.,0.
22414,-20.,230.4,-1.,14.,0.
22417,-20.,230.4,-1.,17.,0.
22418,-20.,230.4,-1.,18.,0.
22419,-20.,230.4,-1.,19.,0.
22420,-20.,230.4,-1.,20.,0.
22421,-20.,230.4,-1.,21.,0.
22423,-20.,230.4,-1.,23.,0.
22424,-20.,230.4,-1.,24.,0.
22427,-20.,230.4,-1.,27.,0.
22430,-20.,230.4,-1.,30.,0.
22431,-20.,230.4,-1.,31.,0.
22433,-20.,230.4,-1.,33.,0.
22435,-20.,230.4,-1.,35.,0.
22438,-20.,230.4,-1.,38.,0.
22440,-20.,230.4,-1.,40.,0.
22444,-20.,230.4,-1.,44.,0.
22446,-20.,230.4,-1.,46.,0.
22449,-20.,230.4,-1.,49.,0.
22450,-20.,230.4,-1.,50.,0.
22452,-20.,230.4,-1.,52.,0.
22455,-20.,230.4,-1.,55.,0.
22458,-20.,230.4,-1.,58.,0.
22460,-20.,230.4,-1.,60.,0.
22462,-20.,230.4,-1.,62.,0.
22468,-20.,230.4,-1.,68.,0.
22470,-20.,230.4,-1.,70.,0.
22472,-20.,230.4,-1.,72.,0.
22474,-20.,230.4,-1.,74.,0.
22475,-20.,230.4,-1.,75.,0.
22484,-20.,230.4,-1.,84.,0.
22490,-20.,230.4,-1.,90.,0.
22499,-20.,230.4,-1.,99.,0.
22527,-20.,230.4,-1.,127.,0.
22528,-20.,230.4,-1.,128.,0.
22534,-20.,230.4,-1.,134.,0.
22535,-20.,230.4,-1.,135.,0.
22542,-20.,230.4,-1.,142.,0.
22546,-20.,230.4,-1.,146.,0.
22552,-20.,230.4,-1.,152.,0.
22557,-20.,230.4,-1.,157.,0.
22563,-20.,230.4,-1.,163.,0.
22567,-20.,230.4,-1.,167.,0.
22568,-20.,230.4,-1.,168.,0.
22569,-20.,230.4,-1.,169.,0.
22575,-20.,230.4,-1.,175.,0.
22578,-20.,230.4,-1.,178.,0.
22579,-20.,230.4,-1.,179.,0.
22581,-20.,230.4,-1.,181.,0.
22582,-20.,230.4,-1.,182.,0.
22586,-20.,230.4,-1.,186.,0.
22587,-20.,230.4,-1.,187.,0.
22589,-20.,230.4,-1.,189.,0.
22593,-20.,230.4,-1.,193.,0.
22594,-20.,230.4,-1.,194.,0.
22597,-20.,230.4,-1.,197.,0.
22599,-20.,230.4,-1.,199.,0.
22800,-20.,230.4,1.,0.,0.
22801,-20.,230.4,1.,1.,0.
22802,-20.,230.4,1.,2.,0.
22808,-20.,230.4,1.,8.,0.
22809,-20.,230.4,1.,9.,0.
22810,-20.,230.4,1.,10.,0.
22813,-20.,230.4,1.,13.,0.
22814,-20.,230.4,1.,14.,0.
22817,-20.,230.4,1.,17.,0.
22818,-20.,230.4,1.,18.,0.
22819,-20.,230.4,1.,19.,0.
22820,-20.,230.4,1.,20.,0.
22821,-20.,230.4,1.,21.,0.
22823,-20.,230.4,1.,23.,0.
22824,-20.,230.4,1.,24.,0.
22827,-20.,230.4,1.,27.,0.
22830,-20.,230.4,1.,30.,0.
22831,-20.,230.4,1.,31.,0.
22833,-20.,230.4,1.,33.,0.
22835,-20.,230.4,1.,35.,0.
22838,-20.,230.4,1.,38.,0.
22840,-20.,230.4,1.,40.,0.
22844,-20.,230.4,1.,44.,0.
22846,-20.,230.4,1.,46.,0.
22849,-20.,230.4,1.,49.,0.
22850,-20.,230.4,1.,50.,0.
22852,-20.,230.4,1.,52.,0.
22855,-20.,230.4,1.,55.,0.
22858,-20.,230.4,1.,58.,0.
22860,-20.,230.4,1.,60.,0.
22862,-20.,230.4,1.,62.,0.
22868,-20.,230.4,1.,68.,0.
22870,-20.,230.4,1.,70.,0.
22872,-20.,230.4,1.,72.,0.
22874,-20.,230.4,1.,74.,0.
22875,-20.,230.4,1.,75.,0.
22884,-20.,230.4,1.,84.,0.
22890,-20.,230.4,1.,90.,0.
22899,-20.,230.4,1.,99.,0.
22927,-20.,230.4,1.,127.,0.
22928,-20.,230.4,1.,128.,0.
22934,-20.,230.4,1.,134.,0.
22935,-20.,230.4,1.,135.,0.
22942,-20.,230.4,1.,142.,0.
22946,-20.,230.4,1.,146.,0.
22952,-20.,230.4,1.,152.,0.
22957,-20.,230.4,1.,157.,0.
22963,-20.,230.4,1.,163.,0.
22967,-20.,230.4,1.,167.,0.
22968,-20.,230.4,1.,168.,0.
22969,-20.,230.4,1.,169.,0.
22975,-20.,230.4,1.,175.,0.
22978,-20.,230.4,1.,178.,0.
22979,-20.,230.4,1.,179.,0.
22981,-20.,230.4,1.,181.,0.
22982,-20.,230.4,1.,182.,0.
22986,-20.,230.4,1.,186.,0.
22987,-20.,230.4,1.,187.,0.
22989,-20.,230.4,1.,189.,0.
22993,-20.,230.4,1.,193.,0.
22994,-20.,230.4,1.,194.,0.
22997,-20.,230.4,1.,197.,0.
22999,-20.,230.4,1.,199.,0.
23200,-20.,187.2,-1.,0.,0.
23203,-20.,187.2,-1.,3.,0.
23205,-20.,187.2,-1.,5.,0.
23206,-20.,187.2,-1.,6.,0.
23210,-20.,187.2,-1.,10.,0.
23215,-20.,187.2,-1.,15.,0.
23216,-20.,187.2,-1.,16.,0.
23218,-20.,187.2,-1.,18.,0.
23219,-20.,187.2,-1.,19.,0.
23220,-20.,187.2,-1.,20.,0.
23227,-20.,187.2,-1.,27.,0.
23230,-20.,187.2,-1.,30.,0.
23234,-20.,187.2,-1.,34.,0.
23239,-20.,187.2,-1.,39.,0.
23243,-20.,187.2,-1.,43.,0.
23246,-20.,187.2,-1.,46.,0.
23249,-20.,187.2,-1.,49.,0.
23254,-20.,187.2,-1.,54.,0.
23256,-20.,187.2,-1.,56.,0.
23258,-20.,187.2,-1.,58.,0.
23263,-20.,187.2,-1.,63.,0.
23265,-20.,187.2,-1.,65.,0.
23268,-20.,187.2,-1.,68.,0.
23271,-20.,187.2,-1.,71.,0.
23275,-20.,187.2,-1.,75.,0.
23276,-20.,187.2,-1.,76.,0.
23279,-20.,187.2,-1.,79.,0.
23280,-20.,187.2,-1.,80.,0.
23283,-20.,187.2,-1.,83.,0.
23285,-20.,187.2,-1.,85.,0.
23289,-20.,187.2,-1.,89.,0.
23305,-20.,187.2,-1.,105.,0.
23340,-20.,187.2,-1.,140.,0.
23349,-20.,187.2,-1.,149.,0.
23352,-20.,187.2,-1.,152.,0.
23359,-20.,187.2,-1.,159.,0.
23364,-20.,187.2,-1.,164.,0.
23365,-20.,187.2,-1.,165.,0.
23367,-20.,187.2,-1.,167.,0.
23368,-20.,187.2,-1.,168.,0.
23375,-20.,187.2,-1.,175.,0.
23379,-20.,187.2,-1.,179.,0.
23380,-20.,187.2,-1.,180.,0.
23387,-20.,187.2,-1.,187.,0.
23397,-20.,187.2,-1.,197.,0.
23398,-20.,187.2,-1.,198.,0.
23399,-20.,187.2,-1.,199.,0.
23600,-20.,187.2,1.,0.,0.
23603,-20.,187.2,1.,3.,0.
23605,-20.,187.2,1.,5.,0.
23606,-20.,187.2,1.,6.,0.
23610,-20.,187.2,1.,10.,0.
23615,-20.,187.2,1.,15.,0.
23616,-20.,187.2,1.,16.,0.
23618,-20.,187.2,1.,18.,0.
23619,-20.,187.2,1.,19.,0.
23620,-20.,187.2,1.,20.,0.
23627,-20.,187.2,1.,27.,0.
23630,-20.,187.2,1.,30.,0.
23634,-20.,187.2,1.,34.,0.
23639,-20.,187.2,1.,39.,0.
23643,-20.,187.2,1.,43.,0.
23646,-20.,187.2,1.,46.,0.
23649,-20.,187.2,1.,49.,0.
23654,-20.,187.2,1.,54.,0.
23656,-20.,187.2,1.,56.,0.
23658,-20.,187.2,1.,58.,0.
23663,-20.,187.2,1.,63.,0.
23665,-20.,187.2,1.,65.,0.
23668,-20.,187.2,1.,68.,0.
23671,-20.,187.2,1.,71.,0.
23675,-20.,187.2,1.,75.,0.
23676,-20.,187.2,1.,76.,0.
23679,-20.,187.2,1.,79.,0.
23680,-20.,187.2,1.,80.,0.
23683,-20.,187.2,1.,83.,0.
23685,-20.,187.2,1.,85.,0.
23689,-20.,187.2,1.,89.,0.
23705,-20.,187.2,1.,105.,0.
23740,-20.,187.2,1.,140.,0.
23749,-20.,187.2,1.,149.,0.
23752,-20.,187.2,1.,152.,0.
23759,-20.,187.2,1.,159.,0.
23764,-20.,187.2,1.,164.,0.
23765,-20.,187.2,1.,165.,0.
23767,-20.,187.2,1.,167.,0.
23768,-20.,187.2,1.,168.,0.
23775,-20.,187.2,1.,175.,0.
23779,-20.,187.2,1.,179.,0.
23780,-20.,187.2,1.,180.,0.
23787,-20.,187.2,1.,187.,0.
23797,-20.,187.2,1.,197.,0.
23798,-20.,187.2,1.,198.,0.
23799,-20.,187.2,1.,199.,0.
24003,-20.,288.,-1.,3.,0.
24004,-20.,288.,-1.,4.,0.
24005,-20.,288.,-1.,5.,0.
24006,-20.,288.,-1.,6.,0.
24009,-20.,288.,-1.,9.,0.
24010,-20.,288.,-1.,10.,0.
24013,-20.,288.,-1.,13.,0.
24018,-20.,288.,-1.,18.,0.
24023,-20.,288.,-1.,23.,0.
24024,-20.,288.,-1.,24.,0.
24028,-20.,288.,-1.,28.,0.
24029,-20.,288.,-1.,29.,0.
24030,-20.,288.,-1.,30.,0.
24031,-20.,288.,-1.,31.,0.
24035,-20.,288.,-1.,35.,0.
24043,-20.,288.,-1.,43.,0.
24047,-20.,288.,-1.,47.,0.
24049,-20.,288.,-1.,49.,0.
24054,-20.,288.,-1.,54.,0.
24057,-20.,288.,-1.,57.,0.
24063,-20.,288.,-1.,63.,0.
24065,-20.,288.,-1.,65.,0.
24066,-20.,288.,-1.,66.,0.
24070,-20.,288.,-1.,70.,0.
24073,-20.,288.,-1.,73.,0.
24082,-20.,288.,-1.,82.,0.
24087,-20.,288.,-1.,87.,0.
24102,-20.,288.,-1.,102.,0.
24119,-20.,288.,-1.,119.,0.
24132,-20.,288.,-1.,132.,0.
24150,-20.,288.,-1.,150.,0.
24155,-20.,288.,-1.,155.,0.
24170,-20.,288.,-1.,170.,0.
24171,-20.,288.,-1.,171.,0.
24172,-20.,288.,-1.,172.,0.
24173,-20.,288.,-1.,173.,0.
24175,-20.,288.,-1.,175.,0.
24178,-20.,288.,-1.,178.,0.
24182,-20.,288.,-1.,182.,0.
24186,-20.,288.,-1.,186.,0.
24187,-20.,288.,-1.,187.,0.
24190,-20.,288.,-1.,190.,0.
24192,-20.,288.,-1.,192.,0.
24198,-20.,288.,-1.,198.,0.
24403,-20.,288.,1.,3.,0.
24404,-20.,288.,1.,4.,0.
24405,-20.,288.,1.,5.,0.
24406,-20.,288.,1.,6.,0.
24409,-20.,288.,1.,9.,0.
24410,-20.,288.,1.,10.,0.
24413,-20.,288.,1.,13.,0.
24418,-20.,288.,1.,18.,0.
24423,-20.,288.,1.,23.,0.
24424,-20.,288.,1.,24.,0.
24428,-20.,288.,1.,28.,0.
24429,-20.,288.,1.,29.,0.
24430,-20.,288.,1.,30.,0.
24431,-20.,288.,1.,31.,0.
24435,-20.,288.,1.,35.,0.
24443,-20.,288.,1.,43.,0.
24447,-20.,288.,1.,47.,0.
24449,-20.,288.,1.,49.,0.
24454,-20.,288.,1.,54.,0.
24457,-20.,288.,1.,57.,0.
24463,-20.,288.,1.,63.,0.
24465,-20.,288.,1.,65.,0.
24466,-20.,288.,1.,66.,0.
24470,-20.,288.,1.,70.,0.
24473,-20.,288.,1.,73.,0.
24482,-20.,288.,1.,82.,0.
24487,-20.,288.,1.,87.,0.
24502,-20.,288.,1.,102.,0.
24519,-20.,288.,1.,119.,0.
24532,-20.,288.,1.,132.,0.
24550,-20.,288.,1.,150.,0.
24555,-20.,288.,1.,155.,0.
24570,-20.,288.,1.,170.,0.
24571,-20.,288.,1.,171.,0.
24572,-20.,288.,1.,172.,0.
24573,-20.,288.,1.,173.,0.
24575,-20.,288.,1.,175.,0.
24578,-20.,288.,1.,178.,0.
24582,-20.,288.,1.,182.,0.
24586,-20.,288.,1.,186.,0.
24587,-20.,288.,1.,187.,0.
24590,-20.,288.,1.,190.,0.
24592,-20.,288.,1.,192.,0.
24598,-20.,288.,1.,198.,0.
24800,0.,172.8,-1.,0.,0.
24803,0.,172.8,-1.,3.,0.
24809,0.,172.8,-1.,9.,0.
24811,0.,172.8,-1.,11.,0.
24813,0.,172.8,-1.,13.,0.
24815,0.,172.8,-1.,15.,0.
24819,0.,172.8,-1.,19.,0.
24820,0.,172.8,-1.,20.,0.
24824,0.,172.8,-1.,24.,0.
24825,0.,172.8,-1.,25.,0.
24837,0.,172.8,-1.,37.,0.
24839,0.,172.8,-1.,39.,0.
24840,0.,172.8,-1.,40.,0.
24849,0.,172.8,-1.,49.,0.
24851,0.,172.8,-1.,51.,0.
24853,0.,172.8,-1.,53.,0.
24856,0.,172.8,-1.,56.,0.
24857,0.,172.8,-1.,57.,0.
24858,0.,172.8,-1.,58.,0.
24859,0.,172.8,-1.,59.,0.
24860,0.,172.8,-1.,60.,0.
24861,0.,172.8,-1.,61.,0.
24867,0.,172.8,-1.,67.,0.
24870,0.,172.8,-1.,70.,0.
24873,0.,172.8,-1.,73.,0.
24875,0.,172.8,-1.,75.,0.
24885,0.,172.8,-1.,85.,0.
24918,0.,172.8,-1.,118.,0.
24939,0.,172.8,-1.,139.,0.
24947,0.,172.8,-1.,147.,0.
24954,0.,172.8,-1.,154.,0.
24965,0.,172.8,-1.,165.,0.
24968,0.,172.8,-1.,168.,0.
24973,0.,172.8,-1.,173.,0.
24976,0.,172.8,-1.,176.,0.
24983,0.,172.8,-1.,183.,0.
24984,0.,172.8,-1.,184.,0.
24985,0.,172.8,-1.,185.,0.
24986,0.,172.8,-1.,186.,0.
24987,0.,172.8,-1.,187.,0.
24989,0.,172.8,-1.,189.,0.
24991,0.,172.8,-1.,191.,0.
24993,0.,172.8,-1.,193.,0.
24994,0.,172.8,-1.,194.,0.
24996,0.,172.8,-1.,196.,0.
24997,0.,172.8,-1.,197.,0.
25200,0.,172.8,1.,0.,0.
25203,0.,172.8,1.,3.,0.
25209,0.,172.8,1.,9.,0.
25211,0.,172.8,1.,11.,0.
25213,0.,172.8,1.,13.,0.
25215,0.,172.8,1.,15.,0.
25219,0.,172.8,1.,19.,0.
25220,0.,172.8,1.,20.,0.
25224,0.,172.8,1.,24.,0.
25225,0.,172.8,1.,25.,0.
25237,0.,172.8,1.,37.,0.
25239,0.,172.8,1.,39.,0.
25240,0.,172.8,1.,40.,0.
25249,0.,172.8,1.,49.,0.
25251,0.,172.8,1.,51.,0.
25253,0.,172.8,1.,53.,0.
25256,0.,172.8,1.,56.,0.
25257,0.,172.8,1.,57.,0.
25258,0.,172.8,1.,58.,0.
25259,0.,172.8,1.,59.,0.
25260,0.,172.8,1.,60.,0.
25261,0.,172.8,1.,61.,0.
25267,0.,172.8,1.,67.,0.
25270,0.,172.8,1.,70.,0.
25273,0.,172.8,1.,73.,0.
25275,0.,172.8,1.,75.,0.
25285,0.,172.8,1.,85.,0.
25318,0.,172.8,1.,118.,0.
25339,0.,172.8,1.,139.,0.
25347,0.,172.8,1.,147.,0.
25354,0.,172.8,1.,154.,0.
25365,0.,172.8,1.,165.,0.
25368,0.,172.8,1.,168.,0.
25373,0.,172.8,1.,173.,0.
25376,0.,172.8,1.,176.,0.
25383,0.,172.8,1.,183.,0.
25384,0.,172.8,1.,184.,0.
25385,0.,172.8,1.,185.,0.
25386,0.,172.8,1.,186.,0.
25387,0.,172.8,1.,187.,0.
25389,0.,172.8,1.,189.,0.
25391,0.,172.8,1.,191.,0.
25393,0.,172.8,1.,193.,0.
25394,0.,172.8,1.,194.,0.
25396,0.,172.8,1.,196.,0.
25397,0.,172.8,1.,197.,0.
25601,0.,201.6,-1.,1.,0.
25605,0.,201.6,-1.,5.,0.
25614,0.,201.6,-1.,14.,0.
25618,0.,201.6,-1.,18.,0.
25619,0.,201.6,-1.,19.,0.
25625,0.,201.6,-1.,25.,0.
25628,0.,201.6,-1.,28.,0.
25629,0.,201.6,-1.,29.,0.
25633,0.,201.6,-1.,33.,0.
25634,0.,201.6,-1.,34.,0.
25637,0.,201.6,-1.,37.,0.
25640,0.,201.6,-1.,40.,0.
25645,0.,201.6,-1.,45.,0.
25646,0.,201.6,-1.,46.,0.
25649,0.,201.6,-1.,49.,0.
25650,0.,201.6,-1.,50.,0.
25651,0.,201.6,-1.,51.,0.
25655,0.,201.6,-1.,55.,0.
25656,0.,201.6,-1.,56.,0.
25657,0.,201.6,-1.,57.,0.
25664,0.,201.6,-1.,64.,0.
25667,0.,201.6,-1.,67.,0.
25672,0.,201.6,-1.,72.,0.
25675,0.,201.6,-1.,75.,0.
25677,0.,201.6,-1.,77.,0.
25681,0.,201.6,-1.,81.,0.
25759,0.,201.6,-1.,159.,0.
25763,0.,201.6,-1.,163.,0.
25771,0.,201.6,-1.,171.,0.
25773,0.,201.6,-1.,173.,0.
25778,0.,201.6,-1.,178.,0.
25782,0.,201.6,-1.,182.,0.
25784,0.,201.6,-1.,184.,0.
25785,0.,201.6,-1.,185.,0.
25786,0.,201.6,-1.,186.,0.
25787,0.,201.6,-1.,187.,0.
25788,0.,201.6,-1.,188.,0.
25790,0.,201.6,-1.,190.,0.
25793,0.,201.6,-1.,193.,0.
25796,0.,201.6,-1.,196.,0.
26001,0.,201.6,1.,1.,0.
26005,0.,201.6,1.,5.,0.
26014,0.,201.6,1.,14.,0.
26018,0.,201.6,1.,18.,0.
26019,0.,201.6,1.,19.,0.
26025,0.,201.6,1.,25.,0.
26028,0.,201.6,1.,28.,0.
26029,0.,201.6,1.,29.,0.
26033,0.,201.6,1.,33.,0.
26034,0.,201.6,1.,34.,0.
26037,0.,201.6,1.,37.,0.
26040,0.,201.6,1.,40.,0.
26045,0.,201.6,1.,45.,0.
26046,0.,201.6,1.,46.,0.
26049,0.,201.6,1.,49.,0.
26050,0.,201.6,1.,50.,0.
26051,0.,201.6,1.,51.,0.
26055,0.,201.6,1.,55.,0.
26056,0.,201.6,1.,56.,0.
26057,0.,201.6,1.,57.,0.
26064,0.,201.6,1.,64.,0.
26067,0.,201.6,1.,67.,0.
26072,0.,201.6,1.,72.,0.
26075,0.,201.6,1.,75.,0.
26077,0.,201.6,1.,77.,0.
26081,0.,201.6,1.,81.,0.
26159,0.,201.6,1.,159.,0.
26163,0.,201.6,1.,163.,0.
26171,0.,201.6,1.,171.,0.
26173,0.,201.6,1.,173.,0.
26178,0.,201.6,1.,178.,0.
26182,0.,201.6,1.,182.,0.
26184,0.,201.6,1.,184.,0.
26185,0.,201.6,1.,185.,0.
26186,0.,201.6,1.,186.,0.
26187,0.,201.6,1.,187.,0.
26188,0.,201.6,1.,188.,0.
26190,0.,201.6,1.,190.,0.
26193,0.,201.6,1.,193.,0.
26196,0.,201.6,1.,196.,0.
26402,0.,230.4,-1.,2.,0.
26403,0.,230.4,-1.,3.,0.
26404,0.,230.4,-1.,4.,0.
26408,0.,230.4,-1.,8.,0.
26409,0.,230.4,-1.,9.,0.
26411,0.,230.4,-1.,11.,0.
26412,0.,230.4,-1.,12.,0.
26417,0.,230.4,-1.,17.,0.
26418,0.,230.4,-1.,18.,0.
26422,0.,230.4,-1.,22.,0.
26424,0.,230.4,-1.,24.,0.
26425,0.,230.4,-1.,25.,0.
26431,0.,230.4,-1.,31.,0.
26432,0.,230.4,-1.,32.,0.
26436,0.,230.4,-1.,36.,0.
26439,0.,230.4,-1.,39.,0.
26440,0.,230.4,-1.,40.,0.
26443,0.,230.4,-1.,43.,0.
26446,0.,230.4,-1.,46.,0.
26448,0.,230.4,-1.,48.,0.
26454,0.,230.4,-1.,54.,0.
26455,0.,230.4,-1.,55.,0.
26457,0.,230.4,-1.,57.,0.
26458,0.,230.4,-1.,58.,0.
26462,0.,230.4,-1.,62.,0.
26467,0.,230.4,-1.,67.,0.
26511,0.,230.4,-1.,111.,0.
26522,0.,230.4,-1.,122.,0.
26531,0.,230.4,-1.,131.,0.
26534,0.,230.4,-1.,134.,0.
26561,0.,230.4,-1.,161.,0.
26567,0.,230.4,-1.,167.,0.
26571,0.,230.4,-1.,171.,0.
26580,0.,230.4,-1.,180.,0.
26581,0.,230.4,-1.,181.,0.
26582,0.,230.4,-1.,182.,0.
26588,0.,230.4,-1.,188.,0.
26589,0.,230.4,-1.,189.,0.
26592,0.,230.4,-1.,192.,0.
26593,0.,230.4,-1.,193.,0.
26597,0.,230.4,-1.,197.,0.
26802,0.,230.4,1.,2.,0.
26803,0.,230.4,1.,3.,0.
26804,0.,230.4,1.,4.,0.
26808,0.,230.4,1.,8.,0.
26809,0.,230.4,1.,9.,0.
26811,0.,230.4,1.,11.,0.
26812,0.,230.4,1.,12.,0.
26817,0.,230.4,1.,17.,0.
26818,0.,230.4,1.,18.,0.
26822,0.,230.4,1.,22.,0.
26824,0.,230.4,1.,24.,0.
26825,0.,230.4,1.,25.,0.
26831,0.,230.4,1.,31.,0.
26832,0.,230.4,1.,32.,0.
26836,0.,230.4,1.,36.,0.
26839,0.,230.4,1.,39.,0.
26840,0.,230.4,1.,40.,0.
26843,0.,230.4,1.,43.,0.
26846,0.,230.4,1.,46.,0.
26848,0.,230.4,1.,48.,0.
26854,0.,230.4,1.,54.,0.
26855,0.,230.4,1.,55.,0.
26857,0.,230.4,1.,57.,0.
26858,0.,230.4,1.,58.,0.
26862,0.,230.4,1.,62.,0.
26867,0.,230.4,1.,67.,0.
26911,0.,230.4,1.,111.,0.
26922,0.,230.4,1.,122.,0.
26931,0.,230.4,1.,131.,0.
26934,0.,230.4,1.,134.,0.
26961,0.,230.4,1.,161.,0.
26967,0.,230.4,1.,167.,0.
26971,0.,230.4,1.,171.,0.
26980,0.,230.4,1.,180.,0.
26981,0.,230.4,1.,181.,0.
26982,0.,230.4,1.,182.,0.
26988,0.,230.4,1.,188.,0.
26989,0.,230.4,1.,189.,0.
26992,0.,230.4,1.,192.,0.
26993,0.,230.4,1.,193.,0.
26997,0.,230.4,1.,197.,0.
27200,0.,187.2,-1.,0.,0.
27203,0.,187.2,-1.,3.,0.
27205,0.,187.2,-1.,5.,0.
27210,0.,187.2,-1.,10.,0.
27212,0.,187.2,-1.,12.,0.
27213,0.,187.2,-1.,13.,0.
27215,0.,187.2,-1.,15.,0.
27216,0.,187.2,-1.,16.,0.
27218,0.,187.2,-1.,18.,0.
27219,0.,187.2,-1.,19.,0.
27221,0.,187.2,-1.,21.,0.
27233,0.,187.2,-1.,33.,0.
27234,0.,187.2,-1.,34.,0.
27237,0.,187.2,-1.,37.,0.
27238,0.,187.2,-1.,38.,0.
27239,0.,187.2,-1.,39.,0.
27240,0.,187.2,-1.,40.,0.
27247,0.,187.2,-1.,47.,0.
27249,0.,187.2,-1.,49.,0.
27251,0.,187.2,-1.,51.,0.
27252,0.,187.2,-1.,52.,0.
27256,0.,187.2,-1.,56.,0.
27257,0.,187.2,-1.,57.,0.
27260,0.,187.2,-1.,60.,0.
27265,0.,187.2,-1.,65.,0.
27276,0.,187.2,-1.,76.,0.
27277,0.,187.2,-1.,77.,0.
27288,0.,187.2,-1.,88.,0.
27307,0.,187.2,-1.,107.,0.
27348,0.,187.2,-1.,148.,0.
27360,0.,187.2,-1.,160.,0.
27373,0.,187.2,-1.,173.,0.
27376,0.,187.2,-1.,176.,0.
27379,0.,187.2,-1.,179.,0.
27384,0.,187.2,-1.,184.,0.
27386,0.,187.2,-1.,186.,0.
27387,0.,187.2,-1.,187.,0.
27393,0.,187.2,-1.,193.,0.
27399,0.,187.2,-1.,199.,0.
27600,0.,187.2,1.,0.,0.
27603,0.,187.2,1.,3.,0.
27605,0.,187.2,1.,5.,0.
27610,0.,187.2,1.,10.,0.
27612,0.,187.2,1.,12.,0.
27613,0.,187.2,1.,13.,0.
27615,0.,187.2,1.,15.,0.
27616,0.,187.2,1.,16.,0.
27618,0.,187.2,1.,18.,0.
27619,0.,187.2,1.,19.,0.
27621,0.,187.2,1.,21.,0.
27633,0.,187.2,1.,33.,0.
27634,0.,187.2,1.,34.,0.
27637,0.,187.2,1.,37.,0.
27638,0.,187.2,1.,38.,0.
27639,0.,187.2,1.,39.,0.
27640,0.,187.2,1.,40.,0.
27647,0.,187.2,1.,47.,0.
27649,0.,187.2,1.,49.,0.
27651,0.,187.2,1.,51.,0.
27652,0.,187.2,1.,52.,0.
27656,0.,187.2,1.,56.,0.
27657,0.,187.2,1.,57.,0.
27660,0.,187.2,1.,60.,0.
27665,0.,187.2,1.,65.,0.
27676,0.,187.2,1.,76.,0.
27677,0.,187.2,1.,77.,0.
27688,0.,187.2,1.,88.,0.
27707,0.,187.2,1.,107.,0.
27748,0.,187.2,1.,148.,0.
27760,0.,187.2,1.,160.,0.
27773,0.,187.2,1.,173.,0.
27776,0.,187.2,1.,176.,0.
27779,0.,187.2,1.,179.,0.
27784,0.,187.2,1.,184.,0.
27786,0.,187.2,1.,186.,0.
27787,0.,187.2,1.,187.,0.
27793,0.,187.2,1.,193.,0.
27799,0.,187.2,1.,199.,0.
28005,0.,288.,-1.,5.,0.
28006,0.,288.,-1.,6.,0.
28007,0.,288.,-1.,7.,0.
28018,0.,288.,-1.,18.,0.
28025,0.,288.,-1.,25.,0.
28035,0.,288.,-1.,35.,0.
28039,0.,288.,-1.,39.,0.
28043,0.,288.,-1.,43.,0.
28046,0.,288.,-1.,46.,0.
28049,0.,288.,-1.,49.,0.
28052,0.,288.,-1.,52.,0.
28055,0.,288.,-1.,55.,0.
28060,0.,288.,-1.,60.,0.
28064,0.,288.,-1.,64.,0.
28083,0.,288.,-1.,83.,0.
28105,0.,288.,-1.,105.,0.
28106,0.,288.,-1.,106.,0.
28115,0.,288.,-1.,115.,0.
28120,0.,288.,-1.,120.,0.
28136,0.,288.,-1.,136.,0.
28157,0.,288.,-1.,157.,0.
28164,0.,288.,-1.,164.,0.
28173,0.,288.,-1.,173.,0.
28177,0.,288.,-1.,177.,0.
28181,0.,288.,-1.,181.,0.
28183,0.,288.,-1.,183.,0.
28184,0.,288.,-1.,184.,0.
28185,0.,288.,-1.,185.,0.
28186,0.,288.,-1.,186.,0.
28187,0.,288.,-1.,187.,0.
28190,0.,288.,-1.,190.,0.
28192,0.,288.,-1.,192.,0.
28194,0.,288.,-1.,194.,0.
28199,0.,288.,-1.,199.,0.
28405,0.,288.,1.,5.,0.
28406,0.,288.,1.,6.,0.
28407,0.,288.,1.,7.,0.
28418,0.,288.,1.,18.,0.
28425,0.,288.,1.,25.,0.
28435,0.,288.,1.,35.,0.
28439,0.,288.,1.,39.,0.
28443,0.,288.,1.,43.,0.
28446,0.,288.,1.,46.,0.
28449,0.,288.,1.,49.,0.
28452,0.,288.,1.,52.,0.
28455,0.,288.,1.,55.,0.
28460,0.,288.,1.,60.,0.
28464,0.,288.,1.,64.,0.
28483,0.,288.,1.,83.,0.
28505,0.,288.,1.,105.,0.
28506,0.,288.,1.,106.,0.
28515,0.,288.,1.,115.,0.
28520,0.,288.,1.,120.,0.
28536,0.,288.,1.,136.,0.
28557,0.,288.,1.,157.,0.
28564,0.,288.,1.,164.,0.
28573,0.,288.,1.,173.,0.
28577,0.,288.,1.,177.,0.
28581,0.,288.,1.,181.,0.
28583,0.,288.,1.,183.,0.
28584,0.,288.,1.,184.,0.
28585,0.,288.,1.,185.,0.
28586,0.,288.,1.,186.,0.
28587,0.,288.,1.,187.,0.
28590,0.,288.,1.,190.,0.
28592,0.,288.,1.,192.,0.
28594,0.,288.,1.,194.,0.
28599,0.,288.,1.,199.,0.
28800,0.,259.2,-1.,0.,0.
28801,0.,259.2,-1.,1.,0.
28805,0.,259.2,-1.,5.,0.
28808,0.,259.2,-1.,8.,0.
28809,0.,259.2,-1.,9.,0.
28812,0.,259.2,-1.,12.,0.
28822,0.,259.2,-1.,22.,0.
28827,0.,259.2,-1.,27.,0.
28832,0.,259.2,-1.,32.,0.
28833,0.,259.2,-1.,33.,0.
28834,0.,259.2,-1.,34.,0.
28836,0.,259.2,-1.,36.,0.
28841,0.,259.2,-1.,41.,0.
28842,0.,259.2,-1.,42.,0.
28845,0.,259.2,-1.,45.,0.
28848,0.,259.2,-1.,48.,0.
28851,0.,259.2,-1.,51.,0.
28853,0.,259.2,-1.,53.,0.
28858,0.,259.2,-1.,58.,0.
28860,0.,259.2,-1.,60.,0.
28862,0.,259.2,-1.,62.,0.
28863,0.,259.2,-1.,63.,0.
28865,0.,259.2,-1.,65.,0.
28867,0.,259.2,-1.,67.,0.
28874,0.,259.2,-1.,74.,0.
28878,0.,259.2,-1.,78.,0.
28914,0.,259.2,-1.,114.,0.
28917,0.,259.2,-1.,117.,0.
28918,0.,259.2,-1.,118.,0.
28927,0.,259.2,-1.,127.,0.
28960,0.,259.2,-1.,160.,0.
28967,0.,259.2,-1.,167.,0.
28969,0.,259.2,-1.,169.,0.
28971,0.,259.2,-1.,171.,0.
28973,0.,259.2,-1.,173.,0.
28982,0.,259.2,-1.,182.,0.
28988,0.,259.2,-1.,188.,0.
28989,0.,259.2,-1.,189.,0.
28990,0.,259.2,-1.,190.,0.
28991,0.,259.2,-1.,191.,0.
28992,0.,259.2,-1.,192.,0.
28994,0.,259.2,-1.,194.,0.
28999,0.,259.2,-1.,199.,0.
29200,0.,259.2,1.,0.,0.
29201,0.,259.2,1.,1.,0.
29205,0.,259.2,1.,5.,0.
29208,0.,259.2,1.,8.,0.
29209,0.,259.2,1.,9.,0.
29212,0.,259.2,1.,12.,0.
29222,0.,259.2,1.,22.,0.
29227,0.,259.2,1.,27.,0.
29232,0.,259.2,1.,32.,0.
29233,0.,259.2,1.,33.,0.
29234,0.,259.2,1.,34.,0.
29236,0.,259.2,1.,36.,0.
29241,0.,259.2,1.,41.,0.
29242,0.,259.2,1.,42.,0.
29245,0.,259.2,1.,45.,0.
29248,0.,259.2,1.,48.,0.
29251,0.,259.2,1.,51.,0.
29253,0.,259.2,1.,53.,0.
29258,0.,259.2,1.,58.,0.
29260,0.,259.2,1.,60.,0.
29262,0.,259.2,1.,62.,0.
29263,0.,259.2,1.,63.,0.
29265,0.,259.2,1.,65.,0.
29267,0.,259.2,1.,67.,0.
29274,0.,259.2,1.,74.,0.
29278,0.,259.2,1.,78.,0.
29314,0.,259.2,1.,114.,0.
29317,0.,259.2,1.,117.,0.
29318,0.,259.2,1.,118.,0.
29327,0.,259.2,1.,127.,0.
29360,0.,259.2,1.,160.,0.
29367,0.,259.2,1.,167.,0.
29369,0.,259.2,1.,169.,0.
29371,0.,259.2,1.,171.,0.
29373,0.,259.2,1.,173.,0.
29382,0.,259.2,1.,182.,0.
29388,0.,259.2,1.,188.,0.
29389,0.,259.2,1.,189.,0.
29390,0.,259.2,1.,190.,0.
29391,0.,259.2,1.,191.,0.
29392,0.,259.2,1.,192.,0.
29394,0.,259.2,1.,194.,0.
29399,0.,259.2,1.,199.,0.
29600,-20.,259.2,-1.,0.,0.
29601,-20.,259.2,-1.,1.,0.
29603,-20.,259.2,-1.,3.,0.
29604,-20.,259.2,-1.,4.,0.
29605,-20.,259.2,-1.,5.,0.
29611,-20.,259.2,-1.,11.,0.
29615,-20.,259.2,-1.,15.,0.
29616,-20.,259.2,-1.,16.,0.
29620,-20.,259.2,-1.,20.,0.
29621,-20.,259.2,-1.,21.,0.
29629,-20.,259.2,-1.,29.,0.
29631,-20.,259.2,-1.,31.,0.
29632,-20.,259.2,-1.,32.,0.
29638,-20.,259.2,-1.,38.,0.
29641,-20.,259.2,-1.,41.,0.
29642,-20.,259.2,-1.,42.,0.
29643,-20.,259.2,-1.,43.,0.
29644,-20.,259.2,-1.,44.,0.
29647,-20.,259.2,-1.,47.,0.
29648,-20.,259.2,-1.,48.,0.
29657,-20.,259.2,-1.,57.,0.
29659,-20.,259.2,-1.,59.,0.
29662,-20.,259.2,-1.,62.,0.
29666,-20.,259.2,-1.,66.,0.
29668,-20.,259.2,-1.,68.,0.
29669,-20.,259.2,-1.,69.,0.
29670,-20.,259.2,-1.,70.,0.
29673,-20.,259.2,-1.,73.,0.
29674,-20.,259.2,-1.,74.,0.
29678,-20.,259.2,-1.,78.,0.
29679,-20.,259.2,-1.,79.,0.
29685,-20.,259.2,-1.,85.,0.
29692,-20.,259.2,-1.,92.,0.
29700,-20.,259.2,-1.,100.,0.
29704,-20.,259.2,-1.,104.,0.
29709,-20.,259.2,-1.,109.,0.
29737,-20.,259.2,-1.,137.,0.
29747,-20.,259.2,-1.,147.,0.
29751,-20.,259.2,-1.,151.,0.
29752,-20.,259.2,-1.,152.,0.
29754,-20.,259.2,-1.,154.,0.
29762,-20.,259.2,-1.,162.,0.
29764,-20.,259.2,-1.,164.,0.
29767,-20.,259.2,-1.,167.,0.
29769,-20.,259.2,-1.,169.,0.
29770,-20.,259.2,-1.,170.,0.
29771,-20.,259.2,-1.,171.,0.
29776,-20.,259.2,-1.,176.,0.
29779,-20.,259.2,-1.,179.,0.
29782,-20.,259.2,-1.,182.,0.
29786,-20.,259.2,-1.,186.,0.
29795,-20.,259.2,-1.,195.,0.
29796,-20.,259.2,-1.,196.,0.
29797,-20.,259.2,-1.,197.,0.
30000,-20.,259.2,1.,0.,0.
30001,-20.,259.2,1.,1.,0.
30003,-20.,259.2,1.,3.,0.
30004,-20.,259.2,1.,4.,0.
30005,-20.,259.2,1.,5.,0.
30011,-20.,259.2,1.,11.,0.
30015,-20.,259.2,1.,15.,0.
30016,-20.,259.2,1.,16.,0.
30020,-20.,259.2,1.,20.,0.
30021,-20.,259.2,1.,21.,0.
30029,-20.,259.2,1.,29.,0.
30031,-20.,259.2,1.,31.,0.
30032,-20.,259.2,1.,32.,0.
30038,-20.,259.2,1.,38.,0.
30041,-20.,259.2,1.,41.,0.
30042,-20.,259.2,1.,42.,0.
30043,-20.,259.2,1.,43.,0.
30044,-20.,259.2,1.,44.,0.
30047,-20.,259.2,1.,47.,0.
30048,-20.,259.2,1.,48.,0.
30057,-20.,259.2,1.,57.,0.
30059,-20.,259.2,1.,59.,0.
30062,-20.,259.2,1.,62.,0.
30066,-20.,259.2,1.,66.,0.
30068,-20.,259.2,1.,68.,0.
30069,-20.,259.2,1.,69.,0.
30070,-20.,259.2,1.,70.,0.
30073,-20.,259.2,1.,73.,0.
30074,-20.,259.2,1.,74.,0.
30078,-20.,259.2,1.,78.,0.
30079,-20.,259.2,1.,79.,0.
30085,-20.,259.2,1.,85.,0.
30092,-20.,259.2,1.,92.,0.
30100,-20.,259.2,1.,100.,0.
30104,-20.,259.2,1.,104.,0.
30109,-20.,259.2,1.,109.,0.
30137,-20.,259.2,1.,137.,0.
30147,-20.,259.2,1.,147.,0.
30151,-20.,259.2,1.,151.,0.
30152,-20.,259.2,1.,152.,0.
30154,-20.,259.2,1.,154.,0.
30162,-20.,259.2,1.,162.,0.
30164,-20.,259.2,1.,164.,0.
30167,-20.,259.2,1.,167.,0.
30169,-20.,259.2,1.,169.,0.
30170,-20.,259.2,1.,170.,0.
30171,-20.,259.2,1.,171.,0.
30176,-20.,259.2,1.,176.,0.
30179,-20.,259.2,1.,179.,0.
30182,-20.,259.2,1.,182.,0.
30186,-20.,259.2,1.,186.,0.
30195,-20.,259.2,1.,195.,0.
30196,-20.,259.2,1.,196.,0.
30197,-20.,259.2,1.,197.,0.